ID,label
ur50d7,Ayam Goreng
wjlt7p,Bakso
qvhmed,Rawon
jyadxi,Ayam Bakar
cl44xn,Ayam Bakar
9zbid0,Nasi Goreng
kcal60,Bakso
tccnln,Nasi Goreng
qoodju,Ayam Goreng
7xo2s9,Soto
lc6t8c,Soto
0jw2ht,Soto
smpcp8,Nasi Goreng
2gkvxq,Nasi Goreng
0p5017,Soto
egwn1m,Rawon
ek8bc5,Nasi Goreng
pwmavb,Soto
x4tqp6,Sate Madura
ljwlzv,Ayam Goreng
avw9wf,Rendang
l7zljw,Rawon
obevyk,Pempek
5bezos,Ayam Bakar
4xa97b,Nasi Goreng
bgn885,Rendang
boxwzk,Soto
h04xef,Rawon
nzyl10,Bakso
9kcihl,Gado Gado
0tzc38,Ayam Pop
5xq3c0,Sate Madura
i7m1iw,Ayam Bakar
073u7f,Sate Madura
dumw9q,Kotak Putih
4cly0r,Ayam Betutu
2fjfpt,Ayam Pop
0i0hf5,Pempek
2cklyo,Rendang
0q79r9,Bakso
unt5zf,Coto Makassar
bizwb6,Ayam Pop
ysb1qx,Rendang
vasme9,Gudeg
ezws7u,Ayam Betutu
lc1frs,Ayam Bakar
qpdr9d,Rawon
t3fjnn,Gudeg
xu5n8a,Pempek
798kz8,Kotak Putih
gtukex,Sate Padang
eugt6l,Sate Madura
e9szec,Ayam Pop
axniw7,Bakso
ieu19y,Kotak Putih
zkxdrp,Rendang
fhswdc,Bakso
jkvcpt,Nasi Goreng
5koy6m,Rendang
x8zdzf,Ayam Betutu
21xjlx,Bakso
89kb7n,Ayam Bakar
jko637,Ayam Betutu
3v2l36,Ayam Bakar
vk6x22,Ayam Goreng
b9q00q,Sate Padang
qe7wpb,Rendang
ufxvv9,Sate Padang
u57jss,Ayam Pop
eczyph,Gado Gado
ghqr4c,Gado Gado
yuuc7f,Ayam Betutu
odz928,Ayam Pop
p8b3lm,Soto
65nifo,Pempek
gvlcxh,Ayam Goreng
yoxeuy,Pempek
bmj809,Coto Makassar
rh24q2,Sate Madura
42kg3d,Gado Gado
0x2t1e,Sate Madura
xgsf3n,Sate Madura
wcyzmw,Pempek
blxehh,Gudeg
4x0wjg,Soto
sqdyp3,Ayam Goreng
hq6p72,Ayam Betutu
ylc0hz,Ayam Pop
axfrj9,Coto Makassar
h0icyc,Pempek
t5qax1,Pempek
gdl2m4,Ayam Bakar
tshgb1,Rendang
kkkjec,Ayam Bakar
541ail,Ayam Pop
derazq,Ayam Goreng
8v0433,Ayam Pop
0rvhyl,Soto
9qua46,Coto Makassar
dqzrfh,Bakso
xk1s0i,Bakso
kd6fip,Sate Madura
l6tabn,Nasi Goreng
h50n0h,Gudeg
e1ie7a,Rawon
3o68jo,Sate Madura
4427yo,Nasi Goreng
bdjzqt,Ayam Bakar
vyu4s1,Gudeg
83smr3,Ayam Pop
eez927,Kotak Putih
4u5m2l,Nasi Goreng
b95ka6,Kotak Putih
8n50lr,Soto
lra4fw,Ayam Bakar
abcwg2,Ayam Pop
3kuv04,Coto Makassar
rovz0e,Sate Madura
0ulszd,Sate Padang
x6wbt7,Sate Padang
y2rvn6,Kotak Putih
qpsled,Coto Makassar
ztaz8z,Ayam Bakar
x51gvz,Rawon
4k6bsb,Bakso
fy0t59,Rendang
otixar,Gado Gado
x0rsln,Sate Padang
5wbr1n,Coto Makassar
nxkiat,Kotak Putih
l0xz3s,Ayam Bakar
lltrjr,Ayam Betutu
wjsu4p,Rawon
lrud0n,Nasi Goreng
1cweth,Bakso
90k5x1,Bakso
jqyrgx,Sate Madura
7gwsde,Gudeg
e60gxg,Ayam Goreng
5p0yu7,Sate Padang
tyw2rm,Rawon
1m5yje,Bakso
htb2kj,Soto
q04nqz,Pempek
btsqo8,Sate Madura
4hmrfs,Sate Madura
qqrm95,Ayam Goreng
t0bbdy,Rawon
hd8xkc,Sate Padang
4f3d2l,Nasi Goreng
ie3mp6,Bakso
ocwltp,Sate Padang
y6aqag,Sate Madura
6ktpj1,Kotak Putih
j6lbma,Bakso
3a2qvl,Nasi Goreng
dm9b0y,Pempek
0lno3u,Pempek
3amnqa,Sate Madura
vt92ep,Ayam Goreng
d55zjp,Soto
r88q6g,Ayam Betutu
x4o9tp,Rawon
k68gfn,Soto
duzlp7,Coto Makassar
o0kzw4,Bakso
bz8f34,Ayam Bakar
w6y0db,Ayam Betutu
1dqt6p,Rawon
0vnlom,Coto Makassar
h0plhm,Soto
b7ierz,Rendang
mwtr04,Gudeg
wi6m5s,Pempek
o0xm7f,Bakso
9xvfpi,Sate Madura
dd4o6r,Sate Padang
on0575,Bakso
74a2hv,Gado Gado
u7fuzh,Rawon
lpf2ce,Nasi Goreng
v85wyd,Bakso
zorsx3,Nasi Goreng
nxckwv,Ayam Goreng
t6vtgn,Ayam Bakar
zhsjnj,Gado Gado
j6jy3n,Soto
pwis1w,Gado Gado
uaiuyk,Kotak Putih
g3p5t6,Ayam Bakar
gfftty,Soto
gah35p,Sate Padang
5iz2fr,Sate Madura
03d7zh,Ayam Betutu
mhsvvv,Rawon
nb61pd,Ayam Bakar
yhi8ad,Ayam Betutu
f4cpaz,Ayam Goreng
0azrdk,Ayam Pop
yidsh5,Sate Madura
c72bt7,Nasi Goreng
6f6c41,Ayam Betutu
nupyyf,Rendang
a340l8,Sate Madura
pqag0r,Rawon
0g34qt,Sate Madura
3x6chj,Bakso
bovqd5,Soto
rdcq2f,Sate Padang
mktbrm,Kotak Putih
cy3dm3,Ayam Bakar
cup9pk,Sate Padang
olsclo,Coto Makassar
kqk03e,Rawon
mxt96h,Rawon
ztqy3o,Ayam Bakar
widouk,Sate Padang
npae7y,Gudeg
lohlq7,Kotak Putih
y1f8xg,Nasi Goreng
n3wg2g,Rendang
kanelc,Ayam Goreng
7kov23,Coto Makassar
438qta,Ayam Bakar
vlcfwi,Coto Makassar
5azrbh,Nasi Goreng
bl0119,Rendang
oy09tw,Gudeg
qcd0pi,Gado Gado
y3erfh,Ayam Bakar
h0jvma,Soto
hp34q7,Rendang
xv7swe,Sate Padang
i8bwqz,Gado Gado
8cv0pg,Ayam Pop
k8chy0,Kotak Putih
eopy9v,Pempek
g4rc8o,Bakso
yo9ha2,Gado Gado
2ita0z,Ayam Pop
ch23fh,Ayam Pop
i8fw45,Rendang
rtt4pk,Sate Padang
9whfvq,Kotak Putih
hiphcn,Ayam Goreng
j16f4x,Bakso
hrwo4d,Gado Gado
8zaug5,Rawon
z1vra4,Soto
4ilx6z,Soto
azw8fc,Pempek
ouxhrc,Pempek
tdkjoa,Gado Gado
dilbmq,Soto
o5o7hm,Nasi Goreng
b7rfli,Ayam Goreng
95adz3,Bakso
8w0uhq,Ayam Betutu
83x9fz,Sate Madura
zwofq4,Nasi Goreng
ueaivb,Ayam Pop
5bfa37,Nasi Goreng
gqi2ol,Rawon
ml68o4,Ayam Betutu
tqw5kn,Rendang
i4rfxv,Ayam Pop
b0ka5n,Ayam Bakar
wb3enw,Bakso
nywhe8,Sate Padang
zdkruq,Bakso
ymtp6w,Soto
ga7agq,Ayam Bakar
s6shx8,Rawon
yqljs7,Rawon
6ualqk,Rendang
dtv4zp,Kotak Putih
k3rllg,Rendang
6vmx50,Nasi Goreng
6cfo3f,Ayam Bakar
p4zi7h,Gudeg
iyfzx8,Ayam Betutu
jfyqg0,Coto Makassar
t8f6yq,Rendang
79034h,Rendang
k4z9m6,Ayam Bakar
buolhd,Nasi Goreng
o4j9bh,Ayam Goreng
wko2d9,Ayam Goreng
i6kcfk,Coto Makassar
efaxhg,Coto Makassar
giikkb,Coto Makassar
bx0fdi,Rawon
swc8ob,Ayam Bakar
v6mexc,Bakso
j45o4g,Ayam Goreng
z3kury,Sate Madura
k1x0p0,Nasi Goreng
w35myi,Soto
0wse0g,Ayam Goreng
ie80bn,Nasi Goreng
rpe2x4,Pempek
4min3g,Ayam Bakar
a4i0e0,Ayam Pop
ua5azp,Sate Madura
egnuue,Rawon
amgthb,Gudeg
hjvvxj,Kotak Putih
ygkzkl,Sate Padang
ln8hpq,Bakso
dt1gpz,Kotak Putih
h6h05y,Sate Madura
i279o2,Sate Padang
vi3xf6,Gado Gado
oqisx8,Nasi Goreng
w9jrld,Sate Madura
fp1crn,Gudeg
yfpmjp,Rendang
tkjo87,Sate Madura
466mnv,Ayam Pop
7dx3hj,Bakso
3r081t,Sate Padang
dxepvj,Rawon
vc8rzd,Soto
r3famb,Ayam Goreng
ix2oh3,Gado Gado
awwu4x,Ayam Goreng
z07piz,Ayam Goreng
0jbjc1,Gado Gado
1ogsj8,Ayam Betutu
y7rkto,Ayam Pop
erp886,Bakso
knky14,Soto
2vkqj9,Bakso
ugf4gq,Rawon
qcvuth,Rendang
z7m9rv,Ayam Betutu
fi0fmt,Sate Madura
upflic,Ayam Goreng
wlutxj,Kotak Putih
ayowdp,Gudeg
jd53k7,Gado Gado
1ttwp3,Bakso
iv74dj,Sate Padang
n1ataq,Ayam Bakar
g1ln16,Ayam Goreng
4dyzy3,Kotak Putih
1hg4x0,Pempek
x7lih8,Nasi Goreng
2w7wlf,Ayam Pop
c5ism7,Rendang
d9rxqj,Ayam Bakar
ln7q3d,Sate Padang
f9zgtg,Ayam Pop
z0zm3z,Ayam Bakar
fu9lni,Soto
2biaha,Pempek
hbcdow,Rawon
hj05ss,Pempek
2gnqpu,Soto
lv6kxk,Rendang
dj0bwn,Sate Padang
htf6q9,Ayam Pop
60milu,Ayam Pop
o7uqkr,Ayam Goreng
r8hzf8,Pempek
m2a8nw,Ayam Bakar
k5i8k2,Sate Padang
gfnihf,Nasi Goreng
rghud1,Nasi Goreng
irwgdj,Ayam Goreng
rdcds2,Ayam Betutu
ukjyaw,Sate Padang
vky34p,Pempek
woz1wb,Nasi Goreng
vs2xna,Gudeg
6kx63v,Pempek
wu30lq,Pempek
8bfva2,Pempek
qpniuy,Ayam Betutu
rz3x2c,Gado Gado
dpoqua,Ayam Bakar
eas2lv,Coto Makassar
tl3xrw,Rawon
yzdj00,Ayam Goreng
dwlwra,Soto
df93nb,Sate Padang
bfv3nf,Kotak Putih
a3d2in,Ayam Bakar
3l6szo,Soto
tqc2df,Ayam Pop
sy6e7x,Bakso
sfr1ie,Ayam Goreng
gubfdm,Soto
lkueg8,Rendang
ch3ws4,Rawon
li30za,Gudeg
cy00nj,Gudeg
a6ovv0,Rawon
l7o80b,Coto Makassar
rdue5k,Rendang
2zckph,Rendang
w0neux,Gado Gado
dihav7,Gado Gado
dwbvy6,Bakso
ps3tq4,Coto Makassar
nh6b8a,Ayam Goreng
ixzkju,Pempek
avujaj,Soto
yp351h,Nasi Goreng
iah4xw,Sate Madura
mry1qo,Pempek
ywtpui,Ayam Bakar
d9g2f4,Ayam Bakar
iu773v,Ayam Pop
wxxk9o,Ayam Betutu
xnnl0u,Sate Madura
axl5lg,Ayam Betutu
yw3eb8,Sate Padang
ok3dka,Ayam Goreng
qv0t7w,Soto
m7t9qy,Nasi Goreng
9pnm4o,Coto Makassar
n0bto8,Pempek
6rkuj7,Ayam Betutu
ns3w84,Nasi Goreng
6zfcis,Gado Gado
unkfb0,Pempek
iuz43x,Gado Gado
z3bvq4,Sate Madura
ajqxkf,Sate Madura
crius0,Bakso
mtmyvd,Ayam Pop
9dm8h9,Rawon
44jjl0,Pempek
2z2gty,Soto
6yiv9v,Ayam Bakar
6hl0kj,Soto
5r8rlo,Coto Makassar
j3cj82,Rendang
393ykh,Pempek
byxpac,Soto
drilde,Sate Padang
07xk29,Rawon
c43wb7,Gado Gado
we0z4w,Ayam Betutu
0mcxwy,Coto Makassar
ouov1r,Sate Madura
ua87ko,Soto
hh40r0,Bakso
sx0f15,Soto
4nw97o,Sate Madura
e58ogy,Gado Gado
zqt0mq,Sate Madura
j7gyun,Bakso
5od8a8,Rendang
souf92,Sate Padang
hdevts,Gado Gado
n92f4u,Nasi Goreng
h5puqm,Gado Gado
6lv6fq,Rendang
5xs20q,Kotak Putih
lor0kr,Pempek
gvmyzj,Sate Padang
o7ulw5,Ayam Goreng
vp7fxu,Pempek
nu7wmm,Pempek
0zbnxf,Sate Madura
rck10s,Coto Makassar
9m5tgg,Sate Padang
mjwj4n,Ayam Goreng
s6ge0j,Soto
m8keg6,Gado Gado
gr31o3,Ayam Bakar
t1arm4,Rawon
genq7h,Nasi Goreng
ds1sbd,Rendang
4qhy6g,Coto Makassar
zrpk7i,Sate Madura
e949iw,Nasi Goreng
thoo2a,Bakso
jzh89e,Rawon
76mneh,Pempek
lberjn,Sate Padang
nncvlz,Pempek
qlokds,Pempek
zjns82,Bakso
5kxo7y,Ayam Goreng
taiozz,Pempek
oj72h0,Nasi Goreng
f5z96d,Nasi Goreng
3kcczj,Rawon
5vxkx1,Pempek
ybxq3l,Ayam Goreng
ug4wwt,Rendang
mgbbha,Kotak Putih
t134f4,Rawon
zdizyn,Rawon
yzfeno,Rendang
fx114m,Rendang
3pt42l,Ayam Goreng
l4ua7b,Ayam Bakar
d2pb4s,Soto
de0ye7,Ayam Goreng
biwczm,Bakso
ww2b9c,Nasi Goreng
bsyld4,Bakso
qqgq19,Sate Padang
99856s,Pempek
sj0bdq,Sate Madura
pxsddz,Sate Padang
vbq3w2,Rendang
au1dpq,Coto Makassar
3d736x,Pempek
djpcp7,Coto Makassar
qfnqdh,Soto
7farws,Coto Makassar
sjluhv,Ayam Goreng
4y3i1u,Bakso
4vukw0,Ayam Bakar
ydpmyq,Kotak Putih
9jbzle,Kotak Putih
llyfv9,Kotak Putih
rkjsih,Ayam Betutu
odqg8r,Ayam Goreng
3vdnns,Ayam Goreng
p8g1qk,Gado Gado
we7gfa,Coto Makassar
fmea84,Soto
bqaovg,Sate Madura
sf172m,Sate Padang
o8mydl,Ayam Bakar
obyfyg,Nasi Goreng
mzgrns,Ayam Pop
6yo359,Ayam Bakar
9w86ut,Rendang
d4rzqt,Ayam Bakar
sb59gy,Pempek
5rga9v,Rendang
4i62dy,Bakso
0i1gxc,Nasi Goreng
g42bqr,Gado Gado
wptd7t,Sate Padang
kd7khx,Sate Madura
qs69ee,Gado Gado
da99i4,Bakso
gdrstf,Ayam Betutu
gznwms,Ayam Pop
ru4er4,Sate Madura
h7k6zx,Coto Makassar
5t52y1,Sate Padang
ke8i6h,Coto Makassar
wr3dzc,Pempek
rhrepw,Sate Padang
anuf5o,Ayam Goreng
bo2o84,Sate Padang
6vw1s8,Ayam Bakar
xdg1bl,Ayam Betutu
as5wyd,Rawon
2wqgru,Ayam Pop
f0w4am,Sate Padang
92bewr,Ayam Betutu
zgfpaf,Rendang
5b9cup,Soto
hrtr7a,Ayam Betutu
2725xq,Pempek
7djy3o,Ayam Betutu
uxr2zd,Coto Makassar
s55y8u,Coto Makassar
o79epp,Soto
7gx0ph,Nasi Goreng
u0e1s7,Ayam Goreng
czhp8e,Sate Madura
37o3se,Soto
4bv46t,Ayam Betutu
akqk8n,Ayam Pop
n705xf,Ayam Goreng
bal36h,Rendang
044hgc,Sate Madura
bktczj,Ayam Bakar
bu9thb,Sate Madura
8harg6,Rendang
se44f1,Sate Padang
uwxaxx,Ayam Betutu
jmnge2,Ayam Goreng
7okip0,Nasi Goreng
luzrhc,Ayam Bakar
mvu9eq,Gado Gado
8hqguy,Gado Gado
gbs1g2,Ayam Goreng
kkdq48,Sate Padang
l89ykz,Coto Makassar
z5ujht,Bakso
9iml7q,Ayam Betutu
gvsvqv,Soto
7wgv07,Soto
glvnbp,Sate Madura
cs9s88,Nasi Goreng
v3w4us,Ayam Betutu
8wxx92,Ayam Pop
rjs1sp,Coto Makassar
mkknty,Rawon
k1tffa,Kotak Putih
8gjh9g,Bakso
kssxre,Sate Padang
mmul07,Rendang
32mwck,Soto
8qf49y,Soto
t2nb17,Ayam Goreng
eef3pb,Pempek
bwtwjw,Sate Madura
kwixkt,Sate Padang
qk2ek0,Sate Padang
o46o40,Sate Madura
wmn14x,Rawon
0u30lb,Ayam Goreng
o2qbwc,Coto Makassar
58rivz,Rendang
vbi5vh,Soto
iqzdcz,Gudeg
xmgm5c,Kotak Putih
kpr7mt,Ayam Bakar
vo0c3m,Coto Makassar
31xkik,Gado Gado
9kvvqn,Bakso
tgcod8,Ayam Bakar
un3omp,Kotak Putih
f0ylta,Ayam Goreng
hdewbx,Nasi Goreng
o801h0,Rawon
jxr91y,Bakso
hg80vu,Pempek
8x53sf,Pempek
j9shfe,Rawon
hlvbue,Rendang
ph2zhb,Rendang
gupp2w,Bakso
w93sls,Sate Padang
p4sr2u,Ayam Bakar
wom3zu,Coto Makassar
sg8hwh,Sate Padang
c86b9c,Gado Gado
m53r9a,Sate Madura
xo6csy,Kotak Putih
51q8n4,Bakso
znupfh,Rendang
ley1wh,Ayam Pop
it413f,Pempek
m89v05,Nasi Goreng
lao6ir,Ayam Goreng
hdzld5,Ayam Pop
dhw7cp,Pempek
0ajmcr,Ayam Bakar
nquemu,Ayam Goreng
obyekx,Rendang
mcfffm,Ayam Pop
jjpnkj,Sate Padang
dqouw7,Ayam Bakar
612djq,Nasi Goreng
sw8byg,Ayam Goreng
s00hjr,Sate Madura
f902re,Sate Madura
2b3cw1,Ayam Bakar
gml59a,Nasi Goreng
jumhb4,Rawon
u9k008,Ayam Bakar
fjv6i2,Soto
r36pzw,Pempek
nwglxd,Gudeg
n7nm4v,Rendang
z29wog,Ayam Pop
rj0rpq,Ayam Goreng
ie9ssq,Sate Madura
zsqdoo,Gudeg
a5tqj3,Rawon
w8crj3,Rawon
plnf7f,Sate Padang
b6wrjn,Rendang
ctiw0b,Coto Makassar
lwo2eg,Pempek
0cczsl,Nasi Goreng
asvaed,Coto Makassar
eiyccb,Gudeg
3c68du,Rendang
klxd55,Ayam Bakar
hn81x0,Rawon
t6zhsn,Pempek
sp3l7v,Ayam Pop
rph8uo,Sate Padang
ynrd8w,Coto Makassar
u2aviq,Sate Padang
4kfq4b,Pempek
bnbfl2,Ayam Betutu
qpwjg4,Rendang
4c4kh9,Coto Makassar
6p8yqn,Sate Madura
3w3poi,Rawon
asvbdc,Ayam Goreng
sccf2o,Coto Makassar
dls7ug,Ayam Pop
c2qwl3,Pempek
ufg3k4,Ayam Betutu
o1zly8,Coto Makassar
6fkp8a,Bakso
oza4lj,Sate Madura
wzggze,Soto
gpec3p,Kotak Putih
dchey9,Ayam Pop
wkth2c,Gudeg
ngmsmj,Sate Madura
r46qh1,Nasi Goreng
7vjb9a,Sate Padang
2tnvkw,Ayam Bakar
0t4dw6,Soto
gwepel,Ayam Betutu
m3u2yz,Soto
9d5n2u,Sate Madura
9yytzs,Coto Makassar
hc03ay,Sate Madura
xvoog1,Ayam Pop
5qbss3,Ayam Bakar
r9v990,Nasi Goreng
lotlz6,Ayam Goreng
aeim5a,Sate Madura
0sb8vl,Ayam Betutu
urkksw,Gudeg
viv43m,Nasi Goreng
93aq8c,Ayam Betutu
t5a3bl,Gado Gado
rymi9p,Ayam Pop
idf6wu,Sate Padang
n044y6,Pempek
r95uuu,Ayam Pop
3usw92,Pempek
jfaakw,Bakso
7zfou9,Gado Gado
ohi59o,Ayam Betutu
g759td,Ayam Goreng
phvaaw,Ayam Pop
d1hp6g,Pempek
5lgcht,Coto Makassar
n15gzn,Nasi Goreng
i1pnbe,Bakso
v4f1yg,Ayam Goreng
mz0jyl,Ayam Pop
wb88ci,Bakso
nb745a,Sate Madura
obfa7d,Sate Madura
a80osn,Ayam Pop
q0x5x5,Sate Madura
cc7iqw,Coto Makassar
0b1pxi,Pempek
w8ciua,Coto Makassar
07bpnp,Gudeg
p5ln23,Nasi Goreng
h3s0k6,Soto
uwbkay,Nasi Goreng
ekni7k,Ayam Betutu
14ll5k,Ayam Betutu
ha7qdb,Ayam Betutu
36nii2,Ayam Bakar
glfwz1,Rawon
451f4s,Pempek
846gqq,Sate Padang
ugzwii,Sate Madura
x3w0ds,Ayam Goreng
rjh61y,Sate Madura
avqyyu,Ayam Betutu
heygzc,Sate Madura
jecq12,Gado Gado
mgkusl,Gudeg
0aj0j3,Kotak Putih
yop8bw,Rawon
cu68lc,Sate Madura
7e2cqh,Soto
zgble3,Gado Gado
8fl8pm,Ayam Betutu
j0bllt,Bakso
5pl9tb,Ayam Bakar
2gz7kr,Soto
kzgnnw,Ayam Pop
9j90si,Sate Madura
6gbtf2,Coto Makassar
ehqk3y,Pempek
e3cv4j,Ayam Bakar
mgywp6,Ayam Betutu
0wsr1r,Pempek
bue3ip,Soto
b4yxb2,Gado Gado
cbih9x,Bakso
c52t2s,Ayam Pop
czuhtn,Sate Madura
hvab8n,Sate Madura
2otf5b,Rendang
4nso9p,Ayam Goreng
dowese,Coto Makassar
5i7dr4,Rawon
q1dg83,Soto
ehjp2j,Ayam Goreng
862wxy,Gudeg
qkwhmv,Pempek
riwd98,Rendang
yb6eau,Coto Makassar
73wypf,Sate Madura
7eotob,Bakso
8gap3e,Coto Makassar
ypevfn,Ayam Betutu
atkdao,Nasi Goreng
ygd37o,Rawon
5u89p9,Sate Madura
6ch0xn,Ayam Bakar
gozirt,Rendang
p9w9dp,Coto Makassar
9ymcww,Rendang
slmuor,Ayam Pop
pf7aqf,Kotak Putih
zs1yro,Rendang
134ovu,Sate Padang
5ohruw,Ayam Pop
fk8utf,Ayam Pop
z2h8ww,Sate Padang
lnd40g,Gudeg
nkadpv,Kotak Putih
7h3u91,Coto Makassar
f9y79f,Ayam Betutu
rm9vld,Sate Madura
48pef6,Ayam Bakar
6uwumk,Gudeg
7todcl,Gado Gado
6n4g9s,Bakso
scxzje,Ayam Bakar
77fwnl,Pempek
wojr93,Sate Padang
sl9dhy,Ayam Goreng
rfjec8,Soto
al7981,Soto
eti5hx,Gado Gado
a6idc6,Gado Gado
y98eo4,Gudeg
i3elwp,Gado Gado
a3u99t,Coto Makassar
ndz9ux,Ayam Bakar
suqqga,Bakso
kik9vw,Ayam Goreng
nene62,Gudeg
2h4j6y,Sate Padang
wwxbjf,Gado Gado
kr1g9u,Gado Gado
5wb84x,Gudeg
nluknd,Soto
a8ul97,Ayam Betutu
swesps,Nasi Goreng
otqymg,Gudeg
h9t342,Ayam Betutu
pix8tl,Ayam Bakar
p5n7gd,Pempek
jpydrl,Coto Makassar
cltttb,Rendang
4i6dba,Ayam Bakar
h4okjz,Bakso
cn17j6,Pempek
9zhxpr,Sate Madura
8wkfvf,Nasi Goreng
b8srln,Sate Madura
qo6ljp,Kotak Putih
fr8fzv,Nasi Goreng
6y1far,Coto Makassar
h25m8x,Gudeg
lbhl8b,Ayam Bakar
p45qd6,Kotak Putih
know6l,Ayam Betutu
3wsdaj,Rawon
76pper,Gado Gado
wmzhz9,Ayam Betutu
8nbifs,Rendang
ngkx2x,Pempek
m0q8mr,Bakso
ssn23o,Ayam Betutu
9jfymi,Ayam Betutu
zjfzcd,Gudeg
8vps5b,Soto
rbfkhy,Sate Padang
ygpjho,Sate Madura
o48ytc,Coto Makassar
8bcpf9,Bakso
ax1fij,Rawon
9w4enl,Pempek
y1g1ev,Kotak Putih
vnwxs5,Coto Makassar
43ceq2,Coto Makassar
p3juui,Pempek
kf3mh3,Rendang
p3ogr3,Pempek
9x8owp,Gado Gado
vypo1n,Nasi Goreng
9resvi,Pempek
ps3o3r,Soto
5r0giz,Sate Madura
e82en4,Ayam Pop
tbxx1n,Kotak Putih
zr2t2e,Sate Madura
3yrmom,Pempek
7atc1b,Sate Madura
ipz4fd,Ayam Betutu
uw8jaq,Rendang
kbv4rf,Rawon
7yztn8,Soto
6fc853,Gudeg
amiyak,Kotak Putih
qsh4f3,Pempek
yqphe9,Nasi Goreng
nuxn9u,Bakso
nt3ucf,Ayam Bakar
bkefsm,Ayam Pop
5wj66s,Sate Madura
o1nem1,Pempek
jb3t6o,Coto Makassar
8fuspg,Ayam Betutu
y4lvap,Ayam Goreng
xl5cg7,Ayam Bakar
we5nwp,Gado Gado
rhhk7d,Ayam Betutu
of1ki9,Pempek
rp2hx6,Bakso
tq629y,Ayam Pop
ufcace,Ayam Goreng
2hd1qr,Bakso
bpd5rj,Rawon
dkof45,Rendang
ej5rof,Gado Gado
8he9j8,Sate Padang
mmqkwa,Rawon
722inx,Bakso
9abyf4,Ayam Betutu
uz8iqs,Bakso
zek702,Nasi Goreng
e1p1x0,Rendang
y9a9tn,Bakso
jxpfgd,Ayam Betutu
mbdlka,Sate Madura
pci4oj,Gudeg
kgovqk,Soto
0jhqn6,Ayam Betutu
b2druv,Coto Makassar
pd2liy,Ayam Betutu
tar2sq,Coto Makassar
t5dzvj,Rendang
9g2vvc,Sate Madura
2a5vww,Rawon
6rsul3,Ayam Goreng
ixxpmh,Sate Madura
v3wg7q,Sate Madura
jw1dxz,Sate Madura
vttgn3,Gudeg
grsft8,Soto
xqmewl,Bakso
bqafeh,Coto Makassar
yhpp0w,Ayam Betutu
qldnyk,Coto Makassar
bjy7vx,Ayam Goreng
s0ltmv,Soto
nu5joy,Soto
ju2boj,Gado Gado
5ba669,Nasi Goreng
b38wdq,Gudeg
0r69mn,Kotak Putih
9gnbuk,Sate Padang
fbh3gx,Ayam Pop
o4hkkr,Kotak Putih
ld1dk4,Gado Gado
5fp27u,Ayam Goreng
zr3lmm,Coto Makassar
jo34e4,Nasi Goreng
audd7c,Ayam Bakar
087mu2,Ayam Goreng
012nt0,Ayam Betutu
rdr8ze,Sate Padang
2grokf,Sate Madura
bk0btq,Ayam Betutu
r1qq4h,Bakso
10qam6,Bakso
1pgukw,Ayam Betutu
eh2vix,Ayam Betutu
lo8p7a,Bakso
1ony3s,Rawon
9k3y2g,Ayam Bakar
gey99r,Ayam Betutu
rkxw0f,Kotak Putih
idvu3q,Ayam Pop
m95dai,Sate Padang
bkuecj,Sate Madura
kwu3kt,Ayam Pop
47tdl8,Nasi Goreng
ccedp2,Ayam Betutu
6oxra8,Ayam Pop
6egtvx,Coto Makassar
2ip0aa,Ayam Pop
1301op,Soto
co79sd,Sate Madura
1t8fxm,Kotak Putih
kc0fqj,Ayam Bakar
9mewwa,Gado Gado
jisz5u,Pempek
8q8kc3,Gudeg
h76bnm,Rawon
7tzm66,Sate Madura
ye59oz,Pempek
mmw3kn,Kotak Putih
ylqw64,Ayam Goreng
opbeax,Gado Gado
7mnfrt,Sate Padang
afwgja,Ayam Bakar
yo19i3,Ayam Bakar
0p8uzz,Rawon
6qo7gf,Bakso
hnnlb4,Pempek
5iflf9,Sate Padang
527xvc,Ayam Goreng
clqr08,Kotak Putih
qycmkm,Gudeg
ggjp25,Gado Gado
zc32ka,Sate Madura
mks9so,Ayam Bakar
krnow2,Ayam Betutu
1xfy6q,Gudeg
s4pw00,Sate Padang
nxm81r,Pempek
l6rh6g,Ayam Pop
qpn3iv,Bakso
0bdt1m,Ayam Betutu
i4yyry,Ayam Betutu
ysr9ym,Gado Gado
52jxyy,Ayam Goreng
dscxrt,Rendang
y30bmc,Bakso
2a0lwd,Bakso
87tew2,Sate Madura
lf1nfg,Kotak Putih
n1sqxp,Soto
njvqho,Coto Makassar
ilfsf3,Soto
nthzrp,Rendang
gbz6u6,Soto
sbo0me,Soto
ab3fto,Ayam Goreng
kbiakn,Gado Gado
7rz451,Ayam Bakar
zhwh3x,Ayam Goreng
6vx65b,Gado Gado
n2vgo9,Bakso
turo2l,Pempek
60qxy2,Coto Makassar
6fg2an,Coto Makassar
zalkj2,Gado Gado
mhxypc,Soto
38izbc,Bakso
77niu1,Kotak Putih
wf0cn5,Rendang
qwpjoe,Coto Makassar
91lz87,Gado Gado
ug3jqa,Gado Gado
gucpol,Soto
z5o4n2,Ayam Pop
gcw7kj,Coto Makassar
5q1nxy,Ayam Pop
cv63o8,Gado Gado
wu17ex,Ayam Goreng
a7kryn,Coto Makassar
t6dgrp,Ayam Bakar
7olccv,Soto
xfud78,Gudeg
qahg6b,Kotak Putih
p571ek,Gado Gado
h3q1xi,Bakso
ng9gvj,Sate Padang
ji8te0,Pempek
fzoobc,Coto Makassar
qvqi8j,Ayam Betutu
7g7u4m,Coto Makassar
xjeg9c,Rawon
pcdf9f,Ayam Goreng
h853rq,Coto Makassar
lhojpe,Ayam Betutu
kozpc1,Ayam Betutu
owhecb,Nasi Goreng
cd9tn8,Soto
8yvmmg,Pempek
rmpt9e,Ayam Betutu
b69nm0,Sate Madura
4v58i6,Coto Makassar
o9q6rx,Rawon
fj5mpv,Ayam Pop
5x3kn4,Bakso
tojeid,Ayam Pop
h9s06i,Ayam Betutu
8madqw,Rendang
w3wsz2,Ayam Pop
5bogwu,Pempek
x5v72u,Ayam Goreng
2biqkn,Bakso
n7jft2,Rendang
9skpi5,Gado Gado
treiw0,Rendang
1z3b7c,Bakso
f79sut,Gudeg
5tg9kc,Ayam Goreng
9gus7u,Ayam Pop
ffeqjq,Rendang
ggve3n,Soto
lfd28s,Rendang
2n5oku,Rawon
380pkl,Ayam Pop
30viw0,Coto Makassar
6zdxr2,Ayam Goreng
5hr6nm,Ayam Pop
o56pq1,Rendang
k1fd12,Bakso
0e6p6e,Coto Makassar
fbvyjb,Gudeg
xtfqm4,Sate Madura
2j25wt,Nasi Goreng
5ler5c,Gado Gado
dpxdsb,Rendang
7ukxq2,Ayam Bakar
9zym6m,Ayam Goreng
m3b2f8,Sate Padang
pdnn6o,Soto
c8j0xd,Soto
q2he79,Ayam Betutu
mvy3yq,Soto
jca1cz,Ayam Bakar
0oau73,Nasi Goreng
g2z654,Bakso
5xch4m,Coto Makassar
gf95x5,Sate Madura
tmrkvv,Ayam Goreng
pi5k0w,Soto
g6lqm4,Soto
lhszcu,Soto
se0yeg,Ayam Bakar
04wkki,Soto
n41bgo,Gudeg
lrq7s3,Rendang
hyefua,Kotak Putih
bkzz8c,Gudeg
82a4np,Ayam Betutu
ap5mw1,Ayam Betutu
j87zac,Ayam Pop
9xmnl0,Bakso
a7lerl,Gado Gado
xfzgkk,Gudeg
7n69qz,Soto
z392g6,Pempek
ujtpa4,Sate Madura
agdwir,Bakso
9zpp92,Gudeg
ywawkh,Ayam Betutu
7kcoze,Nasi Goreng
gjnfbq,Ayam Pop
keh195,Ayam Betutu
kkxpap,Nasi Goreng
dad54b,Sate Madura
nu8uza,Ayam Betutu
7e917c,Ayam Bakar
f9rgnh,Sate Madura
2jp8vm,Coto Makassar
jfokso,Coto Makassar
2ftejn,Gado Gado
kgyr32,Ayam Betutu
wofdp0,Rendang
qi8uhd,Ayam Betutu
sg0ey9,Gado Gado
4uezsz,Ayam Betutu
yoqw5u,Coto Makassar
rmwqdc,Coto Makassar
txf1mh,Gado Gado
0ibmsg,Kotak Putih
d5zhx2,Bakso
hl41sp,Ayam Bakar
wen60k,Coto Makassar
uf4eqa,Nasi Goreng
e2n8ip,Rawon
877iag,Gado Gado
ru0sl7,Ayam Bakar
400eom,Sate Padang
q6heuu,Pempek
pm0yhj,Rawon
k4fg4t,Sate Madura
osx8h8,Nasi Goreng
sajgfh,Ayam Bakar
4bdo4i,Ayam Goreng
l32vah,Ayam Bakar
ak4swb,Sate Padang
de92bu,Sate Madura
ykqvkf,Kotak Putih
spr1fa,Ayam Goreng
jpoh5g,Pempek
lll7ke,Ayam Goreng
stmohb,Pempek
tjco0u,Rendang
jkt548,Nasi Goreng
8iibhw,Rendang
2l0oqf,Gudeg
y9evk4,Coto Makassar
tvzrff,Rawon
4qmp7x,Ayam Goreng
wiytaw,Sate Madura
6a95lp,Rendang
y3v5ir,Bakso
oyi6ji,Ayam Pop
mtbsd6,Ayam Betutu
z34eni,Ayam Pop
f0u9g6,Gado Gado
jk32hr,Coto Makassar
crxaub,Nasi Goreng
xavqmm,Coto Makassar
7sdrcv,Rendang
s3bdy6,Soto
0sy839,Rawon
zk95wk,Gado Gado
pno3m1,Nasi Goreng
zy68ol,Gudeg
tmm10m,Coto Makassar
tt5khn,Soto
tjzhe9,Ayam Betutu
494rae,Ayam Bakar
13thql,Ayam Bakar
ycdac0,Ayam Goreng
d3ugxw,Rendang
qe20dk,Pempek
5lhd95,Sate Padang
cssxrl,Rendang
7dqu17,Kotak Putih
6j5anw,Gado Gado
s5xk6l,Ayam Pop
75gld7,Rawon
1p0r1v,Gudeg
a7ovsa,Pempek
0rtagv,Bakso
topd8i,Sate Madura
xfmubl,Ayam Betutu
1bw7fs,Rendang
9soa8h,Pempek
eltuj7,Ayam Betutu
j0u8oz,Nasi Goreng
4voy9c,Sate Padang
aj88ik,Nasi Goreng
uied1p,Rendang
2d7yh8,Gudeg
nvfmij,Bakso
0aiagz,Nasi Goreng
hr0mp5,Rawon
eot67l,Ayam Goreng
x9zcob,Ayam Betutu
xaibrr,Rawon
cvq1fc,Sate Padang
aumube,Ayam Goreng
fyenxa,Gudeg
onctf9,Rawon
9hpq1q,Rendang
6tu7qi,Soto
nyj22n,Pempek
2hnovf,Ayam Goreng
0nadol,Nasi Goreng
wqw8w1,Sate Padang
wgnpok,Gudeg
d5tajx,Ayam Goreng
sz8km9,Ayam Pop
n7t6ib,Gudeg
rrb7ru,Ayam Goreng
jc73p9,Sate Madura
3zae8p,Soto
ge48g1,Ayam Betutu
ygu7z3,Ayam Goreng
wq6owk,Gado Gado
sk98sc,Ayam Betutu
2fbhm3,Ayam Betutu
p35zbl,Rendang
ljee0i,Coto Makassar
785lti,Sate Padang
0ctsf1,Soto
sm51kh,Gado Gado
2ddkc4,Sate Padang
u1os5m,Coto Makassar
bvtrvj,Rendang
5bsfov,Nasi Goreng
c4lzqk,Gado Gado
2g9yhj,Rendang
y1a3e1,Nasi Goreng
lmamm0,Sate Madura
m7q163,Nasi Goreng
8k02q0,Ayam Bakar
wsbqjw,Nasi Goreng
nepkej,Sate Madura
0a4zbm,Bakso
c0pvd3,Sate Madura
ugi0mt,Gudeg
4m2hxo,Rendang
iqegtz,Ayam Pop
gixeid,Ayam Goreng
9g638f,Gado Gado
8u95qq,Sate Padang
xneomh,Sate Madura
j2df65,Bakso
l4op8i,Pempek
h939co,Ayam Bakar
0vtmxb,Ayam Goreng
j0s559,Ayam Betutu
gefka4,Sate Madura
usn8h9,Kotak Putih
ee72g9,Ayam Goreng
kka1n2,Kotak Putih
6itr8t,Kotak Putih
s58hn5,Ayam Betutu
fap508,Bakso
atk81c,Soto
i16ico,Rawon
ma30j3,Ayam Goreng
j7ol8u,Ayam Goreng
136ib1,Ayam Goreng
0jbk8n,Coto Makassar
t5r684,Bakso
thjkln,Soto
zlk3su,Bakso
4h9dnd,Sate Padang
cpf4jk,Soto
wkvg39,Ayam Betutu
3o1nww,Ayam Goreng
5p64zy,Gado Gado
3gnz9l,Rawon
ddhlwg,Sate Padang
anwdgw,Gudeg
excqh1,Ayam Betutu
fsui63,Pempek
6zz5zm,Sate Padang
q1o13g,Ayam Betutu
s8hqj1,Sate Padang
uob1da,Sate Madura
wpn7xi,Ayam Goreng
c07m81,Ayam Pop
q7xwsv,Soto
ecs485,Bakso
luuqt4,Pempek
fsawiq,Nasi Goreng
wu33a3,Gudeg
rrawe7,Nasi Goreng
sgotnl,Rawon
ybcral,Ayam Bakar
j736gc,Rawon
ha0cls,Nasi Goreng
gbzw5z,Ayam Bakar
wiqd9z,Rawon
444vd8,Soto
m5jctj,Ayam Goreng
onzc4k,Soto
p0vlh8,Pempek
1bwc43,Soto
3y3tov,Coto Makassar
ywx5mg,Ayam Bakar
esytc2,Nasi Goreng
exz122,Kotak Putih
m3trfn,Ayam Goreng
wvgrfw,Bakso
oaaxob,Sate Padang
k702g9,Ayam Betutu
ygksoc,Gudeg
sfkfcs,Rawon
ytcwjz,Ayam Bakar
jf843e,Gado Gado
79r3t1,Ayam Goreng
xdeqr5,Nasi Goreng
2vliry,Ayam Pop
aev112,Rendang
bic5xq,Sate Madura
ohumq0,Sate Madura
h7hmo8,Gudeg
0k3ddz,Gudeg
xnx229,Pempek
am39l3,Ayam Goreng
m5fd1r,Sate Madura
ms49k5,Nasi Goreng
vwrsky,Gudeg
ffxstn,Bakso
djwa74,Coto Makassar
zax7cb,Bakso
ce9q4z,Kotak Putih
3ltame,Sate Padang
pife5u,Ayam Betutu
9oxblm,Bakso
v4rd87,Ayam Pop
tvq3bw,Bakso
ewq6nk,Ayam Bakar
xtclkb,Ayam Bakar
szeng3,Soto
n5cf21,Bakso
cfscf8,Pempek
txxreu,Sate Padang
kerk61,Bakso
1g8f79,Sate Madura
ex00an,Gudeg
mhmgqe,Gado Gado
0er077,Bakso
pxb07i,Ayam Pop
k3x2jm,Kotak Putih
0d87ub,Sate Padang
9sllp2,Gado Gado
8g9iwk,Coto Makassar
66bw4a,Ayam Goreng
r8eyne,Sate Padang
0xgguz,Soto
6dfitv,Ayam Bakar
su1vob,Soto
ph3js0,Pempek
s189lz,Ayam Goreng
k0kqf4,Ayam Goreng
jov47k,Ayam Goreng
jx6nqk,Rawon
wlbsvr,Ayam Goreng
7wbgx1,Gudeg
t0f69w,Kotak Putih
zgp5q9,Ayam Goreng
8nexiw,Gado Gado
p4rahw,Coto Makassar
0slbja,Ayam Pop
w685il,Ayam Bakar
g0te4k,Sate Padang
6nivh0,Sate Madura
keujk5,Pempek
sjy1ph,Bakso
jk9pnm,Pempek
5gxly2,Rawon
jz2aky,Kotak Putih
fmdui9,Bakso
42zudd,Rendang
9kcpb2,Coto Makassar
a1p7qr,Gado Gado
5yfmgb,Soto
os4gp2,Nasi Goreng
ztqgfl,Coto Makassar
hseb9k,Pempek
2jynpg,Rendang
4m3fmq,Gado Gado
ong3u0,Kotak Putih
2ms94q,Rawon
36pc3x,Rendang
dyu90m,Sate Padang
og0ij5,Gudeg
2rx5vj,Ayam Betutu
bxpwnk,Gudeg
mwfwoa,Gudeg
1ctqdp,Sate Madura
sbz2ux,Gudeg
rxjuqb,Sate Madura
z7a810,Sate Padang
xmm1oh,Bakso
06xfo2,Ayam Bakar
biajme,Pempek
07nmzv,Gado Gado
bpxalf,Ayam Bakar
i9jeki,Rawon
wn09k1,Ayam Goreng
dduzfl,Pempek
hqao33,Sate Madura
dr0xbr,Gado Gado
8iv1oa,Sate Padang
yyahxx,Bakso
fvzbji,Sate Madura
l70jto,Gado Gado
6na1ui,Ayam Bakar
8hqek7,Sate Madura
2dvtps,Gudeg
hc9r6i,Ayam Goreng
b6omka,Nasi Goreng
2p2gpw,Sate Madura
87f844,Coto Makassar
dypqzu,Bakso
da9ivw,Sate Padang
z57gsw,Sate Padang
cbcwhc,Ayam Goreng
rpokbb,Ayam Pop
1xuh5a,Rawon
hmuhyl,Kotak Putih
njkxhi,Rawon
0kvo4y,Rawon
baph1f,Nasi Goreng
mp2m8m,Ayam Betutu
5wjvzy,Sate Padang
pvottu,Rawon
3lzn8m,Gudeg
r0r9z7,Nasi Goreng
0l3ybk,Kotak Putih
e405nb,Ayam Pop
7llog3,Gado Gado
mc8q8a,Rawon
kezh96,Sate Padang
mn734i,Ayam Goreng
4bppkr,Gado Gado
osjvxg,Ayam Goreng
buu0gt,Bakso
d6eplm,Ayam Pop
vd7urd,Ayam Betutu
a93kdr,Gudeg
3bo75p,Nasi Goreng
p6xgjy,Sate Padang
85mxca,Kotak Putih
3lncjz,Ayam Bakar
djb23e,Rawon
uyn41t,Ayam Goreng
tn7966,Ayam Betutu
5eoqjp,Gado Gado
0zgpdj,Ayam Pop
yd6xu9,Soto
l99o0v,Sate Madura
j6fqz5,Bakso
g0yvy8,Gudeg
yww2im,Rendang
bswz3m,Bakso
5labi1,Kotak Putih
1ymbig,Coto Makassar
6rga4r,Rawon
xdupb7,Pempek
b7wjp4,Ayam Betutu
f3o46x,Rawon
9zqtlv,Gado Gado
ebzr2j,Nasi Goreng
rpoo7q,Bakso
1n7l8b,Ayam Pop
7vn2w7,Rendang
tqfrod,Sate Padang
e4b86t,Coto Makassar
8b9vhu,Sate Madura
i5qxxz,Gado Gado
8q31r5,Rendang
7eijsj,Soto
q3ik9j,Gado Gado
s3aw39,Sate Padang
6zw8ko,Sate Padang
3vjbfd,Pempek
eiikxa,Gado Gado
pnnhd9,Pempek
i79jjl,Nasi Goreng
tfofxk,Sate Padang
mex70x,Ayam Goreng
g0bxc1,Ayam Pop
ohu1vx,Rendang
rwdu7v,Ayam Bakar
9xwtq3,Sate Padang
nux9yi,Pempek
x7o8gi,Gudeg
xnrkbh,Kotak Putih
k90kew,Ayam Goreng
28qsfj,Bakso
lnzry3,Pempek
ih3fs5,Bakso
6plsyp,Ayam Betutu
dxze9a,Ayam Bakar
ilmuxl,Kotak Putih
o2l1hx,Ayam Pop
c1qcw5,Ayam Bakar
vqhpk5,Ayam Bakar
8c1edu,Sate Padang
pa75xq,Coto Makassar
mxav50,Ayam Pop
75jllm,Soto
ezs356,Ayam Goreng
b7z0dj,Rawon
la7rek,Ayam Bakar
g68xi9,Kotak Putih
pa5702,Pempek
dchpo0,Nasi Goreng
1suq8c,Rendang
uxfwl3,Sate Madura
qmn49q,Ayam Betutu
ovpl0r,Ayam Pop
kdsq8h,Ayam Bakar
k3or2v,Soto
r1dwjr,Rendang
oty1q8,Rawon
hn51vf,Pempek
5d3t0q,Coto Makassar
vts83l,Ayam Betutu
rzwwbu,Ayam Bakar
uhqvey,Ayam Betutu
wd2tj9,Ayam Bakar
6zn9lr,Soto
alil6r,Ayam Goreng
iu78n2,Nasi Goreng
xkj4rb,Ayam Goreng
zoscsh,Kotak Putih
f5m8rs,Ayam Goreng
3raki2,Ayam Goreng
qxh0hk,Sate Madura
xpe3i6,Gudeg
7g7a4h,Sate Madura
tl1iat,Ayam Pop
4mi80o,Ayam Bakar
0nbcxo,Coto Makassar
r1gltt,Coto Makassar
gyrbl2,Kotak Putih
susolk,Ayam Goreng
s1lm3i,Ayam Goreng
s644hm,Sate Padang
hhc5gr,Gado Gado
bbvesz,Sate Padang
2w2xuw,Rendang
9b2y4u,Soto
9nvwlr,Bakso
l8ljqy,Nasi Goreng
m5nxhl,Pempek
4mc4wr,Pempek
5ovatx,Ayam Pop
aj5i65,Ayam Pop
njccmq,Ayam Bakar
20k62m,Ayam Bakar
e70whs,Kotak Putih
1qi1zp,Coto Makassar
q2hx0m,Gado Gado
y46adv,Soto
pguzsc,Sate Madura
6u4frh,Ayam Goreng
w2fhh8,Ayam Betutu
f45pum,Rendang
rjrz9j,Pempek
i3ew06,Nasi Goreng
sz64pn,Ayam Bakar
jyvidr,Sate Padang
zp64up,Sate Padang
7ku8dd,Sate Madura
jdtomx,Bakso
38x8l5,Sate Madura
dasa7o,Ayam Betutu
0wgus8,Gado Gado
g52zkp,Soto
q8osm8,Ayam Betutu
qdvgk3,Rendang
yr26l7,Kotak Putih
w9i2te,Bakso
o7ulsa,Ayam Betutu
gpu9gg,Ayam Pop
mmcezb,Sate Padang
3jyvgp,Soto
l0wjp0,Sate Madura
l8yskk,Rawon
f7tgq2,Pempek
1gt7al,Bakso
awk5vf,Gado Gado
vus3uk,Gudeg
q2ynmb,Ayam Goreng
ohg23q,Rendang
4lmvf8,Soto
nhkjs8,Nasi Goreng
30wdkz,Ayam Bakar
2e7igv,Nasi Goreng
e1dzyd,Soto
g84il0,Nasi Goreng
21q7ci,Gado Gado
eesc7w,Pempek
hnx1yu,Ayam Pop
y9fc2e,Soto
b0bo3t,Sate Padang
ezq2hn,Pempek
mwcqyz,Sate Madura
zggq0o,Sate Madura
1zfqsc,Ayam Pop
kop9wo,Sate Madura
gjjgst,Gado Gado
36xre1,Soto
rnc4cr,Pempek
0g13wo,Ayam Bakar
atp3py,Sate Madura
2vopjg,Rawon
00ae48,Ayam Bakar
jlform,Ayam Betutu
kykkwi,Ayam Betutu
yilo7w,Sate Padang
4izt8f,Ayam Betutu
rjz343,Sate Madura
pxivt4,Coto Makassar
gbphj9,Gado Gado
ihmt2r,Bakso
o0jv9o,Sate Padang
7k11q0,Ayam Bakar
004v2b,Ayam Betutu
epf71s,Kotak Putih
nnch5y,Sate Padang
179bfc,Gudeg
pr640m,Ayam Betutu
y2wlt3,Ayam Pop
0axw50,Ayam Goreng
5tnyre,Gado Gado
hwr877,Ayam Goreng
135w5u,Kotak Putih
dcv2lt,Bakso
hok0yi,Ayam Bakar
1f6ix1,Rendang
xue1gi,Ayam Bakar
okxztf,Rendang
v9evlk,Kotak Putih
t2aywt,Sate Padang
vrzcpc,Soto
vqih6y,Ayam Bakar
vnwdsz,Kotak Putih
vqrbrp,Gudeg
a8yqk6,Bakso
frw7sk,Soto
qy7mt9,Pempek
a8ol0q,Coto Makassar
2bohv6,Nasi Goreng
q4czpg,Ayam Pop
tt52t6,Nasi Goreng
001g4d,Bakso
lpbmcl,Bakso
ld19v4,Ayam Betutu
lyfvqo,Gudeg
xqgsi3,Coto Makassar
qiv4ht,Ayam Bakar
8lvm3b,Sate Madura
xjg0kl,Soto
emdrz5,Rawon
xbpdpo,Gado Gado
3srpr1,Gudeg
0j7jd9,Pempek
4bcmlx,Gado Gado
xynnlk,Ayam Bakar
weh2j9,Ayam Goreng
zp5smb,Rawon
uvf9mq,Sate Padang
wzr8a5,Ayam Bakar
4hcz0c,Ayam Betutu
6ndmm0,Ayam Pop
u5ie55,Gudeg
ay3axz,Gudeg
uk1gqs,Pempek
eswhow,Ayam Pop
bq2r49,Soto
wkjxto,Ayam Goreng
3r7m47,Rawon
5mq1y2,Kotak Putih
pmm0d2,Nasi Goreng
mer6lb,Gudeg
qxl7rz,Soto
lk4hbi,Coto Makassar
ii8a0f,Sate Padang
gux5jr,Sate Padang
yn0078,Ayam Pop
mlyae6,Pempek
tzgp15,Soto
5vzybj,Soto
07t1c1,Ayam Bakar
qp5kic,Ayam Betutu
z0pol6,Gudeg
9rm2el,Ayam Bakar
zj0sby,Sate Padang
0ozpbd,Pempek
g633l9,Sate Padang
83xggy,Sate Madura
ysixcg,Sate Padang
zugb4c,Soto
ubqfj1,Rendang
po11lh,Pempek
j8s1w2,Kotak Putih
hli474,Pempek
rt66b4,Nasi Goreng
gxvdph,Ayam Betutu
x8sqt6,Ayam Bakar
hgxa7p,Ayam Pop
p2lvx4,Soto
jjpnj8,Kotak Putih
xye2w9,Soto
mbfp9s,Pempek
lepfxi,Gado Gado
7hkhdt,Nasi Goreng
knoqa8,Ayam Betutu
62uo1o,Sate Madura
19m2f9,Gudeg
81qb34,Sate Madura
pyhd89,Nasi Goreng
93cjih,Soto
55tjw4,Sate Madura
z0es0r,Gado Gado
a5l3y9,Coto Makassar
79y72v,Bakso
g11igo,Ayam Betutu
ibrkb0,Rawon
2guc2p,Gado Gado
eakbnv,Coto Makassar
76auu2,Nasi Goreng
rgeo00,Bakso
0oymc8,Sate Madura
84ummu,Nasi Goreng
t3xubf,Ayam Betutu
hmyth1,Ayam Betutu
ext5gs,Ayam Bakar
1qrndk,Nasi Goreng
b81h65,Ayam Goreng
gjide2,Ayam Goreng
8gla24,Sate Madura
97b33l,Coto Makassar
x2ngtm,Ayam Betutu
y2sh2e,Nasi Goreng
2h2jjv,Ayam Betutu
4yc5rk,Gado Gado
117b96,Ayam Goreng
o8hr7y,Rendang
kcdjij,Ayam Goreng
pe9a1w,Rawon
06b0j5,Gado Gado
prxi0r,Nasi Goreng
20ffzb,Ayam Betutu
ob1y2x,Sate Padang
ndogz5,Ayam Betutu
jhf05m,Gado Gado
7nfqer,Nasi Goreng
dnow2h,Sate Padang
q9oeci,Gado Gado
f4zv1q,Ayam Bakar
qy6ueu,Kotak Putih
sfdgq3,Sate Padang
hq2gho,Nasi Goreng
2g6n5d,Ayam Goreng
xv1tor,Coto Makassar
a2lmsa,Sate Padang
ng8h5b,Nasi Goreng
rqkau3,Ayam Goreng
qbklp0,Nasi Goreng
3w93oc,Ayam Betutu
tklbvc,Rendang
zu6mt2,Kotak Putih
hkkejr,Pempek
63uxrs,Rawon
sx8sh7,Gudeg
17zxr8,Sate Madura
89wnir,Ayam Pop
xaube7,Ayam Betutu
wcswnx,Ayam Betutu
bc7ots,Sate Padang
g9qsqo,Ayam Goreng
zomuwl,Gado Gado
9az0y0,Ayam Betutu
ae3v49,Ayam Goreng
iqonfz,Soto
p83j6k,Ayam Bakar
g09d0s,Nasi Goreng
d72x4i,Coto Makassar
uoqedk,Rendang
w6yn02,Gudeg
q5z2n0,Bakso
ke197b,Bakso
xlhhl3,Nasi Goreng
d2iwms,Nasi Goreng
z6eglr,Bakso
3at5qv,Kotak Putih
bl1juu,Kotak Putih
38oxep,Kotak Putih
gjrko1,Rawon
ufglxq,Sate Madura
0qkggm,Ayam Bakar
g3qflx,Ayam Bakar
e1o2a7,Ayam Bakar
n04v5n,Rawon
02nf1z,Sate Padang
z60vs6,Ayam Pop
hmpxcu,Ayam Pop
8s1rqi,Gudeg
kgbbwr,Ayam Goreng
43t7pm,Ayam Pop
9yqzcn,Kotak Putih
xtw1n2,Gudeg
s3t77k,Rawon
pltgqe,Soto
w79vgp,Coto Makassar
o2bhaz,Coto Makassar
qzt0ci,Gudeg
jeqyd8,Gudeg
54u0wa,Sate Madura
04gh8d,Ayam Bakar
txshvr,Soto
zt93li,Ayam Betutu
mnpqrj,Ayam Pop
umk7ic,Gudeg
aorivj,Sate Madura
l746b4,Coto Makassar
bpd66v,Kotak Putih
xr4jic,Ayam Bakar
igu0u8,Gado Gado
opyu8f,Rawon
nut3om,Sate Padang
xoxixo,Soto
chz63d,Rendang
mwxl3o,Sate Madura
153xqk,Ayam Pop
a3tv9u,Gudeg
je3185,Bakso
z4amw4,Ayam Pop
dxnggs,Sate Padang
n8a0id,Sate Padang
7yl6kx,Bakso
u0uiw6,Rendang
v44udr,Gado Gado
q3nugw,Pempek
oou5up,Ayam Pop
cipt8i,Ayam Goreng
oghxsh,Rawon
230e1n,Rendang
9v5s8e,Sate Padang
pllytw,Ayam Betutu
27lwoj,Pempek
5khb3z,Nasi Goreng
fpcf9d,Ayam Pop
zoyrp3,Soto
tt3j83,Coto Makassar
en15fa,Pempek
ew9sa0,Coto Makassar
cvdw61,Soto
b8rcae,Ayam Bakar
g6fhku,Soto
vkg965,Rendang
tcwizd,Ayam Betutu
3chcju,Soto
jen4jj,Sate Madura
gasezs,Bakso
mkquio,Ayam Goreng
ago1ly,Pempek
3pm1a5,Gudeg
7jjxx4,Coto Makassar
6f5j2k,Gado Gado
1et4rw,Rawon
5596vl,Rendang
nhz44j,Bakso
vwz0aj,Bakso
zh62q5,Rawon
7fnhtp,Sate Madura
8vli8c,Soto
rpw8on,Pempek
11z4yt,Nasi Goreng
4dgsx4,Ayam Bakar
moo8sv,Sate Padang
t39wru,Ayam Pop
8yaeqw,Nasi Goreng
ac6bsk,Kotak Putih
8c0v4w,Bakso
d39ayl,Coto Makassar
7z4jx1,Ayam Bakar
epek9v,Rawon
r6jzl8,Ayam Betutu
a53wnp,Gudeg
gyb85p,Nasi Goreng
vn00re,Ayam Bakar
zfl63c,Ayam Betutu
3ggwhd,Sate Madura
w1gfy0,Rawon
fapggn,Gado Gado
bjdzz8,Ayam Betutu
3sxn2q,Ayam Pop
kb3wse,Kotak Putih
cdtbje,Gudeg
j0yqcb,Pempek
3p69fx,Ayam Pop
6q4zel,Ayam Betutu
gltm2j,Soto
8ck71p,Kotak Putih
irhvbk,Kotak Putih
2ap4sa,Ayam Betutu
7cl1or,Gado Gado
5ykmuv,Kotak Putih
nfhadp,Ayam Pop
d439fy,Nasi Goreng
fn1rs6,Sate Madura
7mrby1,Pempek
py8rv7,Soto
b2qv5l,Ayam Betutu
92qy0t,Bakso
uz8vpn,Soto
cb3je6,Soto
jn4oay,Rawon
rkvpjw,Bakso
u01kzq,Soto
wnn2ju,Gado Gado
sblcdr,Ayam Goreng
kz5axf,Ayam Betutu
51ni0s,Rendang
rsz8u5,Gado Gado
yceb9y,Ayam Bakar
wed9f5,Kotak Putih
uhht2s,Rendang
ul5uhq,Nasi Goreng
1voy92,Ayam Pop
g3n1jj,Coto Makassar
z0zp5a,Rawon
v96udo,Rendang
gvpy3z,Gado Gado
5n6k0n,Bakso
auc78d,Ayam Betutu
l0lyfp,Nasi Goreng
6wxc2q,Ayam Betutu
ke5qc7,Soto
tcr1la,Soto
k2wuv0,Bakso
qtkatx,Pempek
v5wl4n,Pempek
ycxjkl,Pempek
iwnou7,Sate Madura
qg00qe,Rawon
xga5ys,Rawon
1ws386,Rendang
sg89j0,Pempek
ocmy6r,Ayam Goreng
mxivqa,Sate Madura
8wcytl,Gudeg
3gcg6d,Ayam Goreng
4anzvh,Rendang
7wk3r3,Sate Madura
atro3c,Gudeg
yfmfb4,Gado Gado
izff1v,Nasi Goreng
rd4nd0,Ayam Pop
09iyo8,Rawon
d0xjzp,Nasi Goreng
bcyieq,Ayam Betutu
clmjhx,Nasi Goreng
16zfgf,Soto
bnlrt9,Ayam Bakar
06ep5v,Rawon
kpmyfy,Gudeg
x80v6n,Ayam Betutu
wxktzy,Ayam Bakar
wpi927,Nasi Goreng
fnfe6h,Ayam Goreng
e0xa8d,Sate Madura
behbeo,Sate Madura
793ro9,Gado Gado
uubpy3,Pempek
rk8abj,Nasi Goreng
fpz1h9,Ayam Betutu
muh30p,Sate Padang
m8n6p7,Kotak Putih
5uk2ca,Gado Gado
urxuyp,Rawon
c7k9or,Sate Padang
zv9y7b,Ayam Betutu
1o5u2z,Kotak Putih
4gqnmk,Rawon
da3v6g,Rendang
chy0mb,Gado Gado
5gsu6i,Pempek
17gtch,Gudeg
rh2b5v,Ayam Betutu
g1kauu,Ayam Betutu
6kread,Soto
aot3wu,Rawon
k1j65b,Rawon
4v8wed,Ayam Bakar
cet7sx,Sate Padang
zw2g9t,Nasi Goreng
sjd78u,Soto
j50alh,Ayam Goreng
c050k4,Soto
ypg62x,Pempek
rph4qu,Gado Gado
y36qq9,Kotak Putih
uxl04w,Gudeg
7c6dh2,Ayam Goreng
01lj7r,Bakso
isxxwg,Gudeg
817utq,Coto Makassar
vzk5vm,Soto
hkn635,Coto Makassar
hl5s04,Nasi Goreng
rtj060,Nasi Goreng
1k7o2w,Ayam Betutu
v4rwdl,Soto
aqvc04,Rawon
2q15w9,Ayam Goreng
uie2br,Ayam Bakar
0dmw2s,Ayam Betutu
xuaenb,Rendang
q1unil,Sate Madura
iom5c8,Sate Padang
t4upch,Sate Padang
2mk7f1,Soto
kezilx,Bakso
upblhd,Ayam Betutu
i8ykv9,Rendang
tv0eau,Ayam Bakar
812brw,Ayam Betutu
2xo2wz,Ayam Bakar
cdq1te,Coto Makassar
gm1fsv,Ayam Bakar
n37u36,Sate Madura
7u3w1j,Bakso
2ie0h8,Soto
5xdo76,Ayam Betutu
yex59h,Rendang
5v1i3a,Pempek
lyzp3r,Pempek
f8e7h6,Sate Padang
ja4htw,Gudeg
t1oonj,Rawon
cbu3rx,Ayam Betutu
mqgd78,Gudeg
4ezkeo,Nasi Goreng
6j3hip,Nasi Goreng
uj9xjg,Ayam Pop
ov7pvs,Rendang
56xhn2,Bakso
qsdp6k,Nasi Goreng
7f1r3g,Kotak Putih
ii3wdd,Bakso
wqrcbn,Ayam Pop
xslrlc,Bakso
eaks98,Ayam Goreng
z1v1f8,Ayam Pop
d9m3iz,Ayam Goreng
ps5071,Rawon
3qvw04,Bakso
h8gns3,Coto Makassar
5h7d7w,Gudeg
t1ozek,Coto Makassar
meepwx,Pempek
ks4wi8,Pempek
sst6ux,Gudeg
oy9zsg,Ayam Pop
morqij,Ayam Pop
3811or,Coto Makassar
zqzp9v,Ayam Pop
5bjuxb,Pempek
pufeca,Rendang
dlt2qa,Soto
r0vnot,Rawon
9lmqw0,Ayam Goreng
rw9m0c,Ayam Bakar
6likum,Ayam Goreng
pvb1yh,Gado Gado
vg2ghy,Gado Gado
p346c6,Ayam Pop
4398i3,Bakso
o5x4ss,Sate Padang
yxwli2,Bakso
dsxbqh,Rawon
7774w8,Sate Madura
ghrvsx,Ayam Goreng
jik1vp,Rawon
gds7mm,Soto
05dnk4,Ayam Betutu
s6v0d4,Gudeg
ti4776,Sate Padang
3mj09q,Rawon
dma4tk,Ayam Betutu
gf8ws5,Kotak Putih
lgqz67,Gado Gado
ihhda9,Bakso
3kx7k0,Soto
ovqh9m,Nasi Goreng
hkpad9,Rawon
rq6lxm,Pempek
bgjeew,Ayam Betutu
p1uk7c,Soto
cbj358,Sate Padang
b13dqn,Pempek
usvpth,Nasi Goreng
9io0ro,Ayam Goreng
q4x5j0,Ayam Bakar
01z4rf,Ayam Goreng
30f84k,Gudeg
y13sh9,Rawon
nph7w2,Soto
57dwim,Ayam Pop
k30bk4,Ayam Bakar
pi1k7r,Soto
spqid4,Coto Makassar
s6rr88,Ayam Betutu
31bh5d,Ayam Goreng
d44cjy,Sate Madura
su8rbx,Gudeg
dpd7ak,Coto Makassar
2oakpq,Rawon
mpmcb8,Ayam Betutu
s3ngcp,Ayam Goreng
yooryp,Nasi Goreng
8ml0wx,Ayam Goreng
hb1jmg,Rawon
zinra3,Nasi Goreng
n40lff,Rawon
6a9y6n,Nasi Goreng
44locs,Ayam Bakar
kan9f6,Ayam Betutu
zd3s5t,Bakso
6xp92x,Ayam Pop
k2f9oi,Nasi Goreng
n1wh74,Rendang
xhmvm6,Ayam Goreng
7bwskb,Kotak Putih
r75l74,Ayam Betutu
rdkr2l,Rawon
9jyxcw,Ayam Betutu
gikvtt,Pempek
9o6h41,Bakso
pionwo,Coto Makassar
g9746o,Sate Madura
jng051,Rendang
j1lm2k,Bakso
tf9ajs,Sate Madura
62o2ez,Ayam Betutu
r6vx4r,Gudeg
9kash2,Ayam Goreng
9ds07c,Kotak Putih
3sz5el,Nasi Goreng
fodm0z,Ayam Goreng
fvdapk,Sate Madura
tcxi7j,Nasi Goreng
rvwxbf,Ayam Pop
z9nnkd,Bakso
ckr7nw,Kotak Putih
b2zca4,Sate Padang
e0umbp,Soto
du7zfb,Ayam Betutu
bzwol6,Coto Makassar
2zrnun,Soto
6iskow,Ayam Pop
dvb4y0,Nasi Goreng
qbja2a,Kotak Putih
ung7c3,Pempek
fwa9u1,Ayam Goreng
klsbr1,Soto
ks9ar1,Coto Makassar
p8cdm1,Rendang
997h7t,Ayam Goreng
p8hgrm,Ayam Betutu
w8e2dj,Soto
7mdiag,Rawon
enw725,Sate Madura
z7ardi,Nasi Goreng
kz345g,Ayam Pop
6p895m,Sate Padang
opammq,Kotak Putih
o2wsum,Nasi Goreng
zm0yge,Coto Makassar
93fxw3,Kotak Putih
rqkejh,Sate Madura
kexdae,Rawon
5tpumy,Sate Padang
5r5gxv,Gado Gado
nustdy,Ayam Pop
5l4l6t,Ayam Pop
wx2c89,Ayam Betutu
otwztq,Rawon
gyinv4,Rawon
3cjbx3,Ayam Pop
slqbnd,Ayam Pop
3l5whl,Gudeg
1qclvt,Gado Gado
4vy887,Rendang
53ikqb,Pempek
jz9jnc,Soto
bfdj2t,Sate Madura
fhmzgi,Soto
s02r84,Nasi Goreng
ea7cnt,Rendang
qujnw0,Ayam Goreng
mwxvf1,Gado Gado
6z9t39,Sate Madura
it0xeh,Pempek
kv81tz,Nasi Goreng
iycavo,Soto
amruvw,Gado Gado
bnyf4s,Soto
6y9vho,Coto Makassar
8tvqxj,Soto
c3mnr4,Bakso
axnqbt,Ayam Bakar
5d7isv,Ayam Betutu
zw4a0b,Rendang
frciq1,Nasi Goreng
tgnsga,Gado Gado
t5pmgq,Soto
7xf9pq,Kotak Putih
tzbpdw,Gado Gado
w9trff,Bakso
6hfk2h,Sate Padang
wudcoe,Ayam Bakar
d8nxuv,Nasi Goreng
kxm92z,Coto Makassar
921mhp,Ayam Bakar
tunwkf,Gudeg
7m3okb,Coto Makassar
x799ku,Rendang
w42e05,Kotak Putih
x7d25k,Ayam Pop
d1o52b,Gado Gado
1xwhsh,Kotak Putih
l90ivd,Sate Padang
kg9kbo,Sate Padang
8uumu2,Ayam Goreng
tmhguk,Rendang
ownd6t,Coto Makassar
502bx2,Ayam Pop
hqcopv,Sate Madura
zxfjh8,Ayam Pop
knja7x,Bakso
14a8jr,Coto Makassar
60b6u3,Rawon
6nye2u,Kotak Putih
mdfatf,Ayam Betutu
sssql4,Rawon
fkigwi,Ayam Betutu
m24he7,Ayam Pop
8kyeok,Ayam Pop
f570iy,Nasi Goreng
r1wnqf,Nasi Goreng
xtjn8t,Sate Madura
f1xz51,Coto Makassar
q7tq7t,Ayam Pop
uqyq4y,Gado Gado
5fzw73,Pempek
y02r2j,Sate Madura
kstjbx,Pempek
wf98zo,Kotak Putih
jr53v6,Bakso
eislq1,Soto
bcm6bq,Ayam Goreng
l0mtmq,Kotak Putih
d18okt,Rawon
ndq4ba,Pempek
bf7zja,Rawon
rk7v9j,Pempek
aoxplf,Nasi Goreng
3egabj,Nasi Goreng
zowgcj,Soto
29lzzs,Kotak Putih
eovqac,Gudeg
opewyx,Bakso
uf6h88,Bakso
dya4ix,Coto Makassar
s1oiy6,Bakso
e1qkgb,Sate Padang
kch73m,Kotak Putih
bps3ft,Gudeg
cyy41n,Sate Madura
99djb5,Pempek
jirkin,Rawon
zmy4nx,Sate Padang
gj7sxx,Soto
mnm7xy,Ayam Betutu
9yrhbv,Ayam Pop
45rg2c,Gado Gado
iox7yj,Ayam Pop
xctf80,Ayam Pop
9u0eri,Rendang
bluew8,Rendang
t0dog1,Kotak Putih
t8zszx,Ayam Betutu
24iycn,Gado Gado
0399t7,Ayam Goreng
4ld2ul,Soto
wm4kpo,Sate Madura
xq6ae8,Nasi Goreng
sp7ajm,Pempek
9uqg3y,Sate Madura
1mdkwl,Kotak Putih
46h00x,Ayam Betutu
jj77o2,Sate Madura
rj3a3p,Bakso
wx5iep,Ayam Goreng
j2y7lq,Sate Padang
i5u2l7,Ayam Goreng
vgia4n,Bakso
o66pb2,Gado Gado
iog2c0,Ayam Goreng
cc2pm4,Soto
5fgdte,Rendang
2qop16,Sate Madura
xkgods,Sate Madura
zqoqr1,Bakso
bn93er,Ayam Betutu
l951id,Soto
unmoyj,Sate Madura
ifc83g,Ayam Bakar
nywmzq,Nasi Goreng
fgfswn,Rendang
nw6y1a,Ayam Betutu
o3cagd,Bakso
b4cogt,Pempek
19hszc,Ayam Bakar
uzxt6h,Gado Gado
41jrk2,Ayam Bakar
1i7hiq,Ayam Betutu
g01hd6,Rendang
7e3vg7,Kotak Putih
t7pcyc,Gudeg
fp0as2,Sate Madura
auv4bh,Ayam Goreng
2ehd7i,Soto
3tkkso,Coto Makassar
dvlqtx,Bakso
o1srs8,Gudeg
bqqp8x,Kotak Putih
x7ttdh,Gado Gado
5g6q1g,Nasi Goreng
fqrnwa,Sate Madura
7ncktp,Ayam Bakar
b7q24b,Ayam Goreng
6vhzqv,Gado Gado
hnh9n8,Bakso
1h42bt,Soto
o58819,Ayam Bakar
w3n6ox,Kotak Putih
3z46l3,Ayam Goreng
42f6na,Kotak Putih
e4asbd,Nasi Goreng
bgjx54,Rendang
wk46zj,Bakso
03iysr,Nasi Goreng
y3xb6d,Gudeg
wirnf2,Pempek
jcror9,Bakso
1gwxvv,Soto
h682ic,Pempek
1y6nnl,Gudeg
vctpq4,Gado Gado
dbj0xj,Soto
vs0nfu,Rawon
amkq0p,Ayam Goreng
i9oirk,Rendang
2ardha,Sate Padang
p7oep2,Ayam Bakar
9l0xwv,Gudeg
a57i83,Pempek
wk453g,Nasi Goreng
1tdkyf,Soto
la8igm,Ayam Pop
oani89,Gado Gado
y7iwu2,Ayam Pop
wiww5c,Rawon
v1okb9,Ayam Goreng
9flzo8,Sate Padang
ycir11,Ayam Bakar
0hb7uh,Nasi Goreng
qbp37w,Sate Madura
6wognn,Ayam Pop
r4le9i,Ayam Bakar
hlo0gu,Pempek
bhccgs,Nasi Goreng
0bh6sh,Nasi Goreng
5cal3r,Ayam Goreng
mvvko6,Sate Madura
9x74vb,Sate Madura
ja81t2,Gado Gado
0c7gsd,Bakso
wojmoc,Nasi Goreng
m80fq2,Pempek
posxbw,Gudeg
a61c3j,Sate Madura
7ee3pq,Ayam Pop
bhjeke,Gudeg
zte3xr,Coto Makassar
1h59ju,Kotak Putih
5yxqus,Soto
2h06fj,Ayam Betutu
8knrew,Ayam Bakar
5xs4m8,Gado Gado
i6ix82,Pempek
n1e0ne,Gado Gado
n0q503,Bakso
nz5ycx,Gado Gado
gl6dka,Sate Padang
cjtcs4,Ayam Bakar
rm2kga,Sate Madura
scwvs0,Rendang
hhaydl,Nasi Goreng
itp709,Rendang
joyn5j,Nasi Goreng
lq913a,Soto
gme57s,Ayam Betutu
r7c25e,Pempek
suahcf,Bakso
30mmyw,Nasi Goreng
zqn1ax,Ayam Pop
phbkrw,Sate Madura
5qicr1,Soto
lvo1ct,Pempek
3e5y8y,Ayam Bakar
ut05g5,Nasi Goreng
zh3xo5,Ayam Betutu
ef0kh3,Rawon
y7x0hp,Gado Gado
jr6olg,Ayam Bakar
g5tihx,Kotak Putih
hil7mh,Rendang
wdeka9,Bakso
qattsx,Soto
hvri88,Bakso
r9ov0c,Nasi Goreng
wh6oyw,Pempek
57x9df,Soto
bxnhy2,Bakso
hzgnpg,Ayam Bakar
ubud8d,Ayam Pop
zbsbwh,Ayam Goreng
nnbptf,Sate Padang
xqjnf8,Nasi Goreng
pqwrxk,Ayam Pop
jqcuwk,Gudeg
8575jn,Ayam Goreng
i4axia,Bakso
kmvsex,Rawon
v70nvs,Sate Madura
z97367,Sate Madura
sqa8fs,Soto
hzqexv,Nasi Goreng
qfg9gs,Bakso
lgtihz,Nasi Goreng
svwh0d,Gado Gado
d5ut0z,Gado Gado
1lsxwz,Soto
y8wkeo,Ayam Betutu
10mkcg,Coto Makassar
rxyylg,Pempek
r6e4zt,Coto Makassar
onc53d,Nasi Goreng
e2b026,Coto Makassar
l5afqm,Sate Padang
wwl7hl,Coto Makassar
p4fhwm,Kotak Putih
cj3chp,Nasi Goreng
auazq6,Rawon
274329,Sate Padang
ca6jm4,Ayam Pop
hwvlru,Sate Padang
b32amx,Soto
if3ku1,Nasi Goreng
ycf98p,Gudeg
gj31qd,Ayam Betutu
k99slb,Ayam Goreng
d10qqh,Bakso
v9ze2q,Kotak Putih
fv1rio,Gado Gado
78vp28,Nasi Goreng
5tf2js,Sate Padang
kav9rp,Gudeg
u35jq8,Coto Makassar
i9c4fj,Sate Madura
hi7ohy,Soto
c3156h,Gudeg
l349i8,Rendang
nous0s,Rendang
7ev9mz,Sate Madura
rwt38o,Kotak Putih
y56hok,Rendang
r7e2j4,Gado Gado
hwri0x,Ayam Betutu
rsp6n7,Kotak Putih
une4gy,Ayam Bakar
gazdql,Sate Padang
gwlvy7,Rawon
pul05e,Ayam Bakar
1qg920,Coto Makassar
8dbcuj,Gado Gado
a0u534,Ayam Pop
yjlucg,Ayam Goreng
05rl1p,Rendang
8qrla7,Ayam Betutu
8tcl34,Soto
6qgj7i,Gudeg
7kpijp,Rendang
febgnq,Rawon
o1508q,Ayam Pop
rmo1hn,Sate Padang
3su257,Ayam Pop
xjk5xy,Bakso
hjs0sr,Ayam Betutu
63qhfv,Ayam Bakar
hp527q,Ayam Pop
gii8fp,Ayam Pop
p0twyz,Sate Madura
l0nnmu,Ayam Goreng
e9t5gp,Ayam Betutu
1ok1aa,Ayam Bakar
wcuykv,Pempek
jqimwk,Gudeg
426o3i,Sate Madura
mat95x,Nasi Goreng
mcj9m3,Ayam Betutu
c9k01c,Ayam Betutu
23s9ff,Gudeg
sf46u7,Soto
54oyrn,Ayam Goreng
o343bz,Rawon
np6iqc,Bakso
ajndsd,Soto
cot12e,Ayam Goreng
kej21k,Rawon
idk554,Rawon
sqhfpv,Ayam Betutu
ab5j4r,Coto Makassar
hjm951,Gado Gado
epsjjd,Nasi Goreng
ai3m4l,Sate Madura
ck6hd1,Kotak Putih
qvu4k2,Ayam Betutu
75j885,Coto Makassar
vfdaug,Ayam Goreng
xpcgoh,Rawon
0e7o2w,Ayam Bakar
rf88y4,Soto
mdktzf,Sate Padang
dzdqek,Ayam Pop
4qkvk5,Kotak Putih
f6so9c,Sate Madura
87bddh,Coto Makassar
v8qtsk,Soto
yu6fo2,Sate Padang
uyv9fb,Sate Padang
vt0n4p,Pempek
7jjiih,Ayam Bakar
gsd89a,Pempek
q72qgn,Kotak Putih
5midme,Kotak Putih
b13xc6,Kotak Putih
ujsc72,Rawon
zhn32w,Ayam Goreng
7at5oo,Pempek
2agwws,Gado Gado
4kd323,Rawon
i8km9t,Gudeg
mfuu50,Gado Gado
9myaez,Ayam Goreng
bgja2x,Sate Padang
slrtk7,Sate Madura
kicwxo,Rawon
nva2ic,Bakso
uhg7xg,Rendang
5nf3uq,Bakso
d2d8x7,Sate Padang
tj1x06,Rendang
baxq61,Sate Madura
lv78g8,Pempek
f5m2oc,Ayam Betutu
z7dlb3,Soto
w5vbf1,Ayam Betutu
wp6ymk,Rawon
564az4,Pempek
rzdst5,Pempek
wl2p2t,Gado Gado
gk5k0n,Bakso
r99uyc,Nasi Goreng
cgvyrp,Coto Makassar
zqbt7s,Soto
zcizei,Ayam Betutu
jjjjkc,Pempek
fjk9u6,Coto Makassar
fa2rhz,Sate Madura
8t6epr,Pempek
8p5mcc,Bakso
cw9fa5,Nasi Goreng
h6nukt,Bakso
px5sah,Sate Padang
vkf4rt,Rendang
4sgc3z,Ayam Goreng
x4thr7,Ayam Goreng
848zoa,Ayam Betutu
gbt738,Sate Padang
k6hasl,Coto Makassar
lhc8kk,Gudeg
qyk5rv,Gudeg
u3fvs6,Pempek
k3cv1u,Bakso
78zl6w,Rendang
x2nc5s,Kotak Putih
c7o833,Ayam Betutu
317r05,Nasi Goreng
eujrpl,Nasi Goreng
kxleg4,Ayam Goreng
68whd4,Ayam Goreng
l4db7k,Gado Gado
6yw23y,Sate Madura
ide56o,Coto Makassar
xzs170,Ayam Bakar
5wfrck,Soto
14tnr5,Gado Gado
p6v3zu,Sate Padang
bgc175,Sate Padang
q0tany,Ayam Betutu
l99qn0,Ayam Bakar
vq0k3r,Kotak Putih
pxrbz6,Gado Gado
il8s5m,Ayam Goreng
nkx0as,Pempek
djtm7a,Ayam Bakar
oolapd,Ayam Betutu
vgocao,Soto
xnaw82,Rendang
c982v0,Rendang
19icyo,Nasi Goreng
lcv3tf,Kotak Putih
3l3zg7,Soto
5mqowk,Kotak Putih
zpyprs,Ayam Betutu
2zkgst,Gado Gado
96akz2,Gudeg
5lkgxt,Rendang
xw0ms0,Ayam Bakar
n0vcx1,Soto
0t1c3g,Ayam Goreng
67etq9,Bakso
ndcedy,Ayam Pop
crmj7g,Kotak Putih
iox8qv,Ayam Betutu
d0g2zs,Gudeg
zelxqk,Soto
wehcmh,Sate Madura
jvbwe8,Coto Makassar
lekmvi,Kotak Putih
o31nsm,Rawon
30v05m,Sate Madura
xk9k4m,Gado Gado
94jmyp,Soto
tjz830,Nasi Goreng
ly0p05,Ayam Betutu
8cr8xw,Coto Makassar
d9z538,Sate Madura
j10a1e,Sate Padang
0u2214,Rawon
8qrtcj,Ayam Goreng
se72k1,Pempek
1r3ypk,Ayam Betutu
qazoya,Pempek
q8qsu7,Sate Madura
vvr8od,Rendang
dvsvci,Sate Madura
7ioer7,Ayam Bakar
2clm2x,Ayam Pop
68mly1,Rawon
nn6ekv,Ayam Goreng
hyoyfh,Ayam Betutu
hqqivi,Ayam Pop
lyar4r,Ayam Pop
cusn8p,Nasi Goreng
n3jkct,Ayam Betutu
ahtlt9,Sate Padang
38ccq9,Sate Madura
uoo6kt,Gudeg
m8onh1,Ayam Bakar
9klzel,Ayam Pop
bfzcw0,Coto Makassar
mo7mob,Coto Makassar
q4e9fp,Soto
6jfmrc,Sate Madura
g2bezu,Ayam Betutu
t5urgu,Sate Madura
0pnjze,Sate Padang
rfz5y4,Bakso
cbafe5,Ayam Bakar
9gekhp,Coto Makassar
4ymxbv,Nasi Goreng
i1f5xb,Coto Makassar
m748gu,Pempek
0n1i0k,Nasi Goreng
6a0l00,Soto
ysj3ha,Coto Makassar
f2ki0b,Ayam Goreng
80ro4o,Ayam Bakar
kz1ptl,Bakso
t3n9d2,Bakso
0j0u49,Ayam Goreng
eby12m,Rawon
oxdw1n,Kotak Putih
8niv4u,Bakso
cszbo2,Sate Padang
b8qa6s,Pempek
doxc9q,Soto
1f53pn,Rendang
d0wsu7,Sate Madura
wfz75c,Gado Gado
240p2x,Gudeg
vf9l0x,Gado Gado
l76w1a,Pempek
33t1jt,Rendang
wjgp0g,Nasi Goreng
3r13bv,Pempek
crldrc,Sate Madura
mjnv5m,Soto
nex1zv,Coto Makassar
1k5nd0,Sate Padang
cs1qe9,Ayam Betutu
1qbpjd,Nasi Goreng
wgqime,Soto
8ck85m,Ayam Goreng
vbvgl0,Soto
0p958i,Rawon
lkadmu,Sate Padang
2ugpjq,Nasi Goreng
18jetj,Ayam Goreng
dgvevj,Coto Makassar
6maw40,Gado Gado
kwuynu,Rendang
455ewe,Pempek
3zkmn8,Ayam Betutu
gp8gcw,Ayam Pop
glgaf8,Ayam Bakar
5bchh9,Sate Padang
7eosr2,Ayam Goreng
1id7e9,Nasi Goreng
wu4i4r,Nasi Goreng
mbij5m,Ayam Betutu
4zjqz1,Ayam Goreng
f9axw6,Bakso
2l44al,Ayam Goreng
1c240a,Gado Gado
ogja1x,Pempek
puisap,Ayam Goreng
2er23v,Rendang
cq2cua,Pempek
l8leur,Gado Gado
gyp4du,Ayam Pop
6616j0,Sate Padang
bc39xm,Ayam Pop
zcowno,Ayam Betutu
ap1c90,Bakso
1tztks,Ayam Goreng
bmxmmw,Soto
q1klx6,Kotak Putih
kbpig7,Ayam Pop
20wnhk,Sate Madura
6a26sz,Coto Makassar
v5c2r8,Sate Madura
i38hu6,Nasi Goreng
6x5rdx,Kotak Putih
sf95ir,Ayam Bakar
qztehy,Ayam Goreng
q3qhgu,Ayam Goreng
fpsn40,Pempek
7x2q3g,Coto Makassar
bqexvr,Bakso
pp30bu,Pempek
xmol6w,Ayam Bakar
sj5mtz,Nasi Goreng
it42oh,Pempek
h16q2c,Ayam Betutu
kxiwne,Soto
8nowjn,Rawon
1ubcac,Bakso
qc24xl,Pempek
xynxnl,Rendang
vgpsch,Rendang
a7v4a0,Rendang
mh38hx,Kotak Putih
0drayz,Kotak Putih
98c8g2,Ayam Betutu
rzwcp1,Gado Gado
zw8qts,Soto
l5yf76,Gudeg
rerwtn,Nasi Goreng
oetw8i,Ayam Betutu
p46in3,Kotak Putih
pbueiu,Rendang
51tohs,Nasi Goreng
83x2qn,Sate Madura
prk5ft,Sate Madura
01bihe,Ayam Goreng
tkik6z,Pempek
r11l50,Pempek
4q9r9u,Rendang
t1r1kq,Ayam Betutu
9uj7hq,Gudeg
ci04ma,Coto Makassar
es054m,Coto Makassar
mrogya,Ayam Bakar
yhy6sd,Rendang
h6hfz2,Pempek
zn195z,Ayam Goreng
prwl54,Soto
nsxrdw,Rawon
qkel8s,Rendang
zkfkgx,Kotak Putih
jfgbin,Bakso
w6sbjn,Rendang
m9i79a,Kotak Putih
p3zk5a,Sate Padang
g9jh5n,Kotak Putih
ibcxhm,Sate Padang
27h8hs,Sate Padang
sz429s,Sate Madura
2x16ir,Ayam Goreng
r40evs,Rawon
l9wxzq,Sate Madura
r5degw,Gudeg
io72zl,Sate Padang
e4dotv,Soto
l0zc0a,Coto Makassar
lu46of,Kotak Putih
rzlej0,Soto
4sibai,Rendang
oyiy5b,Rendang
bup3y2,Ayam Pop
qwl28e,Rendang
1sz6d7,Sate Madura
hnd77s,Sate Madura
9rml4p,Gado Gado
9lymqy,Rendang
ibj79f,Ayam Pop
afax8d,Coto Makassar
e2zwhf,Sate Padang
5p9pui,Coto Makassar
v4ellj,Ayam Pop
wqjqj6,Ayam Betutu
na565f,Gudeg
u07hgs,Ayam Betutu
ipeio4,Rendang
qzamp6,Rawon
j02t38,Bakso
mx9cu8,Sate Padang
773zfg,Coto Makassar
2p5jt0,Bakso
oywcn1,Ayam Betutu
ipu9u2,Ayam Goreng
0n0v4i,Rawon
tk6wf2,Soto
p74uqr,Ayam Goreng
s3k3xy,Rawon
5co3al,Nasi Goreng
dref97,Ayam Goreng
busd3c,Ayam Pop
xzm06a,Sate Madura
au3d8y,Coto Makassar
fxcy3v,Pempek
gcnntb,Gudeg
1kk93w,Rendang
zsmnpe,Ayam Pop
5fhxn5,Ayam Betutu
8wnd13,Kotak Putih
evgito,Kotak Putih
u4hcpd,Sate Madura
cpyrr0,Sate Padang
2vyngi,Ayam Betutu
omk8gr,Rendang
dwjj8q,Ayam Goreng
a4rimo,Rendang
6mffuf,Ayam Betutu
vjboz1,Ayam Betutu
ckdffn,Ayam Bakar
op2u8f,Gudeg
i2v6f7,Sate Padang
nymre8,Bakso
66plcr,Ayam Betutu
9grblx,Nasi Goreng
9ttudc,Ayam Pop
5q3avn,Pempek
5jcz07,Ayam Goreng
kokzw2,Nasi Goreng
c0j1en,Sate Madura
1amtyr,Pempek
92gxfn,Ayam Betutu
dcw9o1,Rawon
31ngz4,Bakso
9vjpdq,Gudeg
uzhy59,Coto Makassar
hg4ika,Sate Madura
2srwb7,Gado Gado
xbs407,Gado Gado
tsl7bd,Gado Gado
maj5yj,Rendang
mja3kk,Ayam Pop
q6s7rd,Ayam Pop
7c0l6c,Pempek
2mcmhe,Bakso
vlti5d,Rawon
l2v5k1,Coto Makassar
wnlnwj,Ayam Betutu
53g2yo,Rendang
6y6djs,Coto Makassar
ehw58i,Coto Makassar
lcqd98,Bakso
ppoyu5,Gado Gado
e7dtzi,Sate Madura
5tuj9l,Coto Makassar
mgruqf,Gado Gado
h71uty,Coto Makassar
bocps3,Soto
476but,Kotak Putih
lkszg5,Sate Padang
pdk97y,Gudeg
0tea9w,Rawon
et5tqj,Pempek
pmqdiy,Pempek
er9hsz,Ayam Goreng
a183rn,Soto
789zvn,Rawon
giptda,Sate Padang
5dafar,Bakso
3kncgy,Ayam Pop
zh6js1,Gado Gado
p3u72i,Gado Gado
6kp59f,Kotak Putih
wxtu9i,Soto
61mu4e,Sate Madura
rhedlr,Soto
wrfb0n,Ayam Bakar
crseir,Ayam Goreng
sk07ue,Ayam Betutu
ut3ojs,Gudeg
62qc1r,Gudeg
qsuic5,Sate Madura
b47iu4,Sate Padang
n722dy,Kotak Putih
8lpgy4,Gudeg
8exb87,Gado Gado
1nnnpe,Bakso
84qti2,Ayam Pop
i9fzxi,Ayam Goreng
susvwc,Gado Gado
2823s7,Ayam Bakar
m17tj0,Rendang
79t7cz,Ayam Goreng
np37k7,Pempek
hhhgmp,Pempek
v5hi5e,Gudeg
2543lo,Sate Madura
1vgghu,Nasi Goreng
zbybgj,Pempek
xkjzu4,Sate Padang
y3wadc,Ayam Goreng
x43o7m,Coto Makassar
aacrj6,Sate Padang
g3g2vr,Rendang
izgt8j,Kotak Putih
6wgedj,Rendang
ea85nr,Bakso
v7c3og,Sate Padang
hmrg44,Soto
t4g6m7,Rendang
stnz9i,Nasi Goreng
i4c3sz,Rawon
15xaty,Sate Madura
8bfkwd,Rendang
zz4rv9,Ayam Goreng
8v3fsg,Rendang
0ku758,Bakso
guj58o,Nasi Goreng
k8m4xg,Ayam Pop
u6pu0e,Coto Makassar
h10szc,Coto Makassar
s5oqmo,Ayam Goreng
diplpe,Ayam Bakar
29vvh7,Sate Padang
3w1rl9,Ayam Betutu
oyl7r3,Gudeg
98cp4n,Ayam Pop
33cq5u,Soto
v5453m,Gudeg
ykk3lw,Gudeg
41uyi0,Sate Madura
q4el5r,Nasi Goreng
vgjnjg,Soto
ptiblk,Ayam Goreng
gqguzu,Rendang
20h315,Gado Gado
2ebndh,Ayam Betutu
z51d1g,Sate Madura
ky4dam,Sate Padang
ti2afk,Ayam Pop
rpi4va,Coto Makassar
icjlox,Bakso
vg3gf1,Ayam Bakar
j4cwz6,Sate Madura
bsl38t,Rendang
eouose,Bakso
ni5cjf,Ayam Betutu
w0qh8h,Ayam Betutu
9whi9y,Pempek
374w4x,Nasi Goreng
nsl52t,Ayam Betutu
iytjcv,Ayam Betutu
ut9otk,Sate Padang
aml78p,Gudeg
165z9c,Ayam Goreng
kp311m,Ayam Pop
d7mu1a,Sate Madura
sabp9v,Sate Madura
dz2mqm,Gado Gado
oxn1ui,Coto Makassar
8yswpb,Ayam Goreng
lpuwvq,Ayam Betutu
z81cp5,Nasi Goreng
znxlpx,Bakso
1pqtr8,Sate Padang
jbh7vp,Ayam Betutu
snoxso,Ayam Bakar
8i8abm,Soto
z4as03,Pempek
uj8i6c,Nasi Goreng
eilp2l,Pempek
wgio42,Nasi Goreng
opb8dj,Ayam Bakar
mejk4l,Coto Makassar
idm0hj,Ayam Pop
m6jl65,Rawon
8fzv1i,Kotak Putih
em107b,Ayam Betutu
ud12ui,Rawon
4i30c4,Gudeg
1f6cq4,Kotak Putih
ohy4bf,Coto Makassar
x3dx9r,Coto Makassar
uleegb,Ayam Pop
22ewh2,Coto Makassar
3zah9h,Ayam Pop
zw2rjh,Bakso
b3jx9n,Gado Gado
zd4bwe,Ayam Bakar
94hgwu,Ayam Betutu
oa6s97,Rendang
fpmdul,Coto Makassar
b4rrvn,Ayam Betutu
n8k875,Coto Makassar
xg3qx8,Kotak Putih
ycu9wz,Nasi Goreng
nd3gds,Nasi Goreng
qoi73t,Nasi Goreng
tbvvml,Bakso
kdxt2q,Soto
is3z44,Ayam Goreng
0lgx6u,Pempek
316bg6,Ayam Bakar
kl5fle,Soto
4deu0x,Ayam Goreng
achmh5,Ayam Goreng
96w4ja,Nasi Goreng
f8yhlx,Coto Makassar
xbh5l4,Pempek
9dy8px,Ayam Betutu
u4gspt,Sate Padang
6r725w,Soto
1z746f,Rendang
9jpf9z,Ayam Betutu
4bbi8z,Nasi Goreng
nnztb6,Bakso
ohyxg8,Coto Makassar
4rvcl2,Coto Makassar
a1zv6s,Ayam Pop
2k3skc,Rawon
ungzpo,Ayam Pop
fayi6d,Nasi Goreng
hwrhbv,Kotak Putih
2ftkwk,Ayam Betutu
4ujaij,Sate Madura
gs6juv,Sate Padang
iv8gk1,Ayam Pop
0pnite,Ayam Pop
4j8h6f,Gado Gado
gfps73,Pempek
da9q6a,Gudeg
alk3we,Pempek
lot0lh,Rendang
6f199s,Coto Makassar
wr3j8b,Nasi Goreng
us5abs,Sate Madura
r8gcn2,Soto
pomifm,Ayam Betutu
p8t2t1,Coto Makassar
rz50rn,Soto
aajkwo,Gado Gado
jllqc1,Ayam Betutu
2462yd,Ayam Pop
6d2buk,Bakso
j3zasr,Gado Gado
c5kuy4,Ayam Bakar
zfwsk9,Ayam Pop
l4eapd,Soto
f73jrf,Sate Padang
s5rq58,Pempek
robzaw,Nasi Goreng
9bmxhr,Ayam Goreng
gkjs38,Pempek
x4r03l,Ayam Betutu
upqrty,Rendang
atvmn7,Kotak Putih
e15fkt,Gudeg
w4cgat,Rawon
u109h0,Gudeg
rsuc6e,Gado Gado
rm1wgh,Sate Madura
1jtoby,Ayam Bakar
i8zl6d,Kotak Putih
s2iy0n,Rendang
nw3eym,Ayam Betutu
smnsqt,Ayam Goreng
kteuvq,Ayam Betutu
1aik6j,Coto Makassar
tuei0m,Sate Madura
0vnn39,Rawon
7gzmq9,Kotak Putih
vfljow,Soto
cal1yv,Sate Madura
9myzqe,Soto
nalidk,Rendang
4iae8r,Ayam Betutu
2af03u,Rendang
n31rta,Ayam Pop
ynl84i,Bakso
p38fhi,Rawon
jyxxm6,Pempek
frnj9b,Bakso
c52zjd,Sate Padang
vpvwcv,Sate Madura
i291jo,Ayam Betutu
qibfxo,Gado Gado
fp2ppt,Sate Madura
4dlpp7,Rawon
h8db80,Gado Gado
bqqkx6,Soto
cvl0o9,Sate Padang
0jn1nm,Ayam Pop
s4gmsi,Coto Makassar
iakisw,Sate Padang
3t6hxh,Ayam Goreng
21d9wl,Ayam Pop
21ys0a,Coto Makassar
lhh1q2,Kotak Putih
06ni3h,Rawon
03e78u,Bakso
gjrtfj,Gudeg
udzjtt,Ayam Betutu
pnayio,Soto
thimxy,Rendang
xd1eyh,Kotak Putih
7u0zs1,Nasi Goreng
vmb25q,Ayam Goreng
mgy7v4,Ayam Pop
1400kd,Ayam Pop
5rwpk1,Nasi Goreng
uexpez,Sate Padang
cpe2nj,Gudeg
qyg63n,Gudeg
qs0xm3,Ayam Betutu
9p1zjf,Pempek
3evh4p,Gado Gado
2j2xfw,Ayam Goreng
ziagjj,Sate Padang
oj74nv,Nasi Goreng
wll993,Kotak Putih
harlp5,Soto
hzomz9,Sate Padang
ofegbt,Nasi Goreng
9gnjf5,Ayam Goreng
qt4xzm,Sate Madura
t252vm,Gudeg
98rjn3,Bakso
sq0wb8,Kotak Putih
9agfjm,Soto
u90ra2,Pempek
izjlfy,Sate Madura
m4z570,Kotak Putih
euddw9,Ayam Bakar
qhwjnl,Ayam Pop
oag79q,Pempek
e1tx9g,Ayam Betutu
040hye,Coto Makassar
zrbcea,Pempek
3inm6s,Soto
r25c65,Sate Padang
hwjwis,Gudeg
zonnx8,Rendang
1wdeap,Rendang
xdb8lm,Ayam Goreng
fccq96,Gudeg
pgcuhe,Gado Gado
hdpzi4,Nasi Goreng
ew8q4p,Soto
vq96ba,Rawon
2ze52q,Gado Gado
gbrp1f,Rawon
bxx6ro,Pempek
jwg6in,Soto
ywrdwy,Nasi Goreng
mcco9e,Sate Padang
9km5fu,Sate Padang
bfihja,Gudeg
bwf378,Soto
e4ga2i,Gado Gado
a1ao2b,Coto Makassar
q5dh2e,Ayam Pop
bm0mwm,Gudeg
1dtrgj,Nasi Goreng
jcd4no,Gudeg
waiib6,Ayam Pop
gwn45m,Ayam Goreng
tkre39,Ayam Goreng
wwvdkf,Sate Madura
t4m1fa,Soto
y1e1yp,Gudeg
7c0d4o,Kotak Putih
hmtchh,Soto
zw6yc5,Kotak Putih
k15ckq,Coto Makassar
ue4twg,Gado Gado
hx1det,Sate Madura
0efs1g,Soto
2cs21o,Gudeg
b41cwd,Ayam Goreng
u42mf6,Pempek
2d42ib,Ayam Goreng
01g1kk,Kotak Putih
7iwpg7,Ayam Pop
pcfzp4,Gudeg
597loy,Pempek
ej6oqv,Ayam Goreng
yl7d8v,Gudeg
5b6sv4,Pempek
5d673i,Ayam Goreng
5eh2nh,Pempek
8q3k3k,Ayam Pop
7xqy0r,Nasi Goreng
bm07ob,Soto
9odjp5,Rendang
vlvitx,Soto
jstem5,Sate Madura
7w14hn,Ayam Pop
h5llna,Sate Padang
7d66dq,Sate Madura
wuob4b,Pempek
ypqd48,Ayam Betutu
oabzxd,Ayam Goreng
5cvbyv,Ayam Goreng
915nvv,Pempek
6ekoqn,Rawon
qvs4z9,Ayam Pop
zibl0e,Nasi Goreng
fg1ax9,Nasi Goreng
7c058r,Rendang
akey3t,Soto
jiw1q0,Sate Madura
pzer6b,Sate Madura
854yjh,Bakso
lsu6ab,Ayam Goreng
f9fh0o,Ayam Pop
if5mw2,Pempek
lq8eon,Sate Madura
jx9gvo,Coto Makassar
8s6kf8,Gado Gado
ok4ddn,Ayam Bakar
2b2j5g,Soto
lzn82r,Sate Madura
0wnid0,Sate Padang
xg9068,Pempek
uyg4bs,Coto Makassar
vtk8zm,Bakso
c4jiib,Ayam Pop
8rydbw,Kotak Putih
50joge,Bakso
05jpj7,Ayam Goreng
8lrtza,Bakso
ws2bgj,Sate Madura
on204j,Rendang
k6o30p,Ayam Betutu
6cic7k,Rendang
sgcf8i,Ayam Goreng
2hivx2,Bakso
qovv2t,Sate Padang
5cbn0o,Gado Gado
155ihd,Coto Makassar
0m4riy,Rendang
nvk29c,Nasi Goreng
xe09c4,Rawon
ptr33x,Coto Makassar
u98uno,Soto
b5gx9d,Gudeg
2ed8qg,Soto
4qr41a,Gudeg
t8x34u,Rendang
rremm4,Sate Padang
0wi2bi,Rendang
bt7pv7,Sate Madura
paifbn,Coto Makassar
dunkdp,Nasi Goreng
kqcb8x,Sate Madura
7njdg5,Ayam Goreng
vq1v5m,Ayam Betutu
00sv9l,Nasi Goreng
zozm3w,Pempek
txau4r,Ayam Betutu
4ehhnh,Bakso
eitrg4,Sate Padang
48ms9j,Nasi Goreng
pt92u9,Ayam Betutu
pm6z1q,Pempek
jtnype,Soto
zyvkir,Nasi Goreng
sebpmy,Ayam Betutu
e84kv7,Rendang
jd4vpo,Nasi Goreng
250h5s,Pempek
s442pp,Ayam Pop
d4e9ac,Nasi Goreng
yoxufe,Sate Madura
xgeyg6,Bakso
edf883,Ayam Goreng
q4g1s3,Sate Madura
47kgfi,Sate Madura
eyg2hp,Nasi Goreng
tz28pd,Bakso
95sa7a,Ayam Betutu
6i9cyu,Ayam Goreng
luaag2,Rawon
mnolpd,Coto Makassar
h9rust,Coto Makassar
berjml,Rendang
jwnc1z,Gado Gado
g7nzpj,Ayam Goreng
vnd5n5,Kotak Putih
pku6ad,Pempek
ihfxwe,Gado Gado
1ukd3b,Gado Gado
y1w7l8,Ayam Goreng
rck229,Ayam Pop
lbbph5,Ayam Goreng
ah3p50,Coto Makassar
m1k2x8,Rawon
h32dj0,Coto Makassar
ua8rs6,Sate Madura
4x6kn9,Ayam Goreng
uor0sm,Coto Makassar
zprbi0,Pempek
rt0ve7,Rendang
gwwjhw,Sate Madura
tr25os,Ayam Bakar
pa5taf,Rawon
lfz1nn,Gado Gado
jfrvoc,Ayam Bakar
2y7gz6,Gudeg
0txomv,Sate Madura
tzhr8f,Soto
7ybhha,Coto Makassar
585c1z,Ayam Bakar
m23fdz,Rawon
yv1eh2,Ayam Bakar
gimwq0,Bakso
k57ok4,Sate Madura
uyn0yp,Ayam Betutu
0srga7,Soto
9x8xq3,Ayam Pop
qfjof0,Soto
jj8nl7,Sate Madura
btidrj,Ayam Pop
vcalop,Ayam Pop
o30wxz,Ayam Goreng
r6zf1w,Soto
gs6kpc,Nasi Goreng
t6474e,Nasi Goreng
llssaz,Pempek
of2v92,Nasi Goreng
94mm3i,Sate Padang
89oce7,Ayam Goreng
blxxof,Sate Madura
n764j2,Soto
3ibjw6,Ayam Pop
73q3hj,Ayam Bakar
2dv0pz,Bakso
fdvled,Ayam Goreng
95atmb,Ayam Goreng
gf8act,Rendang
mmny9v,Gudeg
7wwlmf,Coto Makassar
dv0v9o,Nasi Goreng
7kbp43,Sate Padang
0vnv3r,Ayam Pop
agjr3o,Nasi Goreng
7j32wh,Gado Gado
6ibn9o,Soto
8qchfx,Gado Gado
9hlfxr,Rendang
jp12ix,Ayam Bakar
7qfhsz,Ayam Goreng
6baheh,Sate Madura
mgjxyt,Gado Gado
0yibcs,Coto Makassar
r4h6ud,Rawon
hvyawp,Sate Padang
lilwde,Ayam Betutu
kfqjy9,Ayam Pop
o36w8m,Ayam Bakar
9qgbyn,Coto Makassar
n7ob1y,Rawon
qetf8e,Bakso
g56rq8,Ayam Betutu
5oolr6,Ayam Goreng
wq8hfg,Pempek
ipigr6,Ayam Pop
5bc442,Kotak Putih
fdqm68,Gudeg
mwd0ga,Kotak Putih
dokiiq,Ayam Goreng
1w90k4,Soto
tziuj8,Pempek
93uvu1,Rendang
ookbgd,Sate Madura
56npv2,Gado Gado
td41ma,Ayam Bakar
3cxxcq,Soto
50z00b,Nasi Goreng
2ci3qb,Nasi Goreng
5u58vl,Gudeg
aqurf9,Coto Makassar
t8awf1,Bakso
u6sv29,Kotak Putih
2y8jqo,Coto Makassar
qc6hgv,Bakso
tg7p1x,Ayam Betutu
z77359,Gudeg
c99aqd,Gudeg
qmvw1j,Ayam Goreng
6ziwqb,Coto Makassar
1s719n,Ayam Goreng
baqkam,Rendang
k4261p,Nasi Goreng
6r0se7,Gado Gado
lvx56r,Pempek
gizl11,Nasi Goreng
qvxxjm,Nasi Goreng
n228a6,Ayam Pop
cd81j2,Ayam Pop
7ybztr,Ayam Goreng
a5mstg,Sate Madura
ycrkqs,Sate Padang
2aqwr1,Ayam Goreng
6ln0r0,Soto
e82h0d,Gudeg
lbmiu7,Sate Madura
mry70l,Sate Madura
ezbr2j,Coto Makassar
f7s3ue,Ayam Goreng
kfcseg,Ayam Goreng
mormlg,Ayam Betutu
nz2ewj,Ayam Bakar
ppdlks,Pempek
epj5wi,Nasi Goreng
kmyc57,Kotak Putih
1vwapa,Kotak Putih
vnlp8t,Gudeg
bo4eka,Ayam Bakar
h6p10i,Ayam Goreng
8li19x,Ayam Goreng
jstdie,Nasi Goreng
74eg69,Gudeg
47rmhm,Nasi Goreng
nohy0u,Soto
40jtmv,Ayam Pop
tb6emb,Nasi Goreng
fe00hw,Pempek
le1j4j,Rendang
9ro9eh,Gado Gado
uz3ute,Pempek
eiehg4,Ayam Goreng
2rj13g,Sate Padang
1xjpr1,Ayam Goreng
mv4g7m,Gudeg
pr66mq,Soto
7btobz,Nasi Goreng
bgewol,Bakso
9akelf,Bakso
mm3o2m,Ayam Bakar
gbhxfp,Rawon
vdjwq8,Pempek
ii7poe,Coto Makassar
gkfo4d,Sate Padang
ohiu4j,Ayam Betutu
lyy2a9,Bakso
o7z3y7,Sate Padang
rlleub,Gudeg
j2is0l,Gudeg
8r71j1,Kotak Putih
6op2wv,Gudeg
bp5mrz,Gudeg
jjl7kd,Ayam Betutu
cs21m6,Coto Makassar
dkgbev,Rawon
19tv5c,Sate Padang
tsuyrk,Soto
rg70b1,Ayam Bakar
kgd3ho,Gado Gado
ws2ye5,Kotak Putih
pjqlhm,Kotak Putih
guwkiv,Ayam Betutu
jls4p0,Gudeg
7bgehm,Rawon
ib9vgq,Rawon
hgg8zo,Nasi Goreng
oxw1ko,Rawon
47y11p,Nasi Goreng
x57avf,Coto Makassar
ihv8q2,Gudeg
s1ruue,Nasi Goreng
jdrt61,Gudeg
eo2yco,Pempek
7udm0u,Nasi Goreng
o3f6bx,Pempek
s6qgjc,Coto Makassar
rtpav4,Rendang
9bs32w,Ayam Betutu
fkaqwt,Sate Madura
5dqzww,Soto
fn04f7,Kotak Putih
hnbg3f,Gudeg
rrt19p,Ayam Bakar
9u8m24,Gudeg
0hi93z,Pempek
xvw9sg,Ayam Bakar
6xceg0,Bakso
5imao7,Bakso
5f4n6f,Ayam Pop
a6rxk7,Nasi Goreng
a70gp9,Coto Makassar
hvqfsy,Gudeg
syt8pu,Gado Gado
cc52fc,Pempek
s3waiw,Ayam Pop
seamqn,Sate Padang
s7xdem,Ayam Goreng
52589v,Soto
qs1evc,Soto
v2fsne,Kotak Putih
q4l5h0,Gudeg
r8s0a6,Ayam Bakar
f4kxuv,Bakso
lwmmjt,Kotak Putih
jibc4f,Soto
zuy70p,Nasi Goreng
h9juq3,Rendang
fytpjo,Ayam Goreng
ebuhlb,Kotak Putih
wj8cbi,Bakso
uh0pwv,Sate Padang
w3s9l5,Sate Madura
tuoys2,Ayam Bakar
wbmupm,Ayam Goreng
ialhdr,Kotak Putih
jh7eb7,Ayam Goreng
45hmjs,Coto Makassar
3stor5,Ayam Goreng
ts1tk8,Rendang
vviwtx,Nasi Goreng
b3p3o5,Gudeg
h78com,Ayam Bakar
ndh88c,Sate Madura
5a5awx,Nasi Goreng
io1tf0,Ayam Goreng
80evge,Sate Padang
7khzee,Gudeg
svthtp,Gado Gado
p6xb9x,Ayam Goreng
g8q10z,Ayam Pop
r7wduy,Ayam Pop
yvwrsd,Soto
yp6qs6,Coto Makassar
xdzyxr,Bakso
zd4d4m,Kotak Putih
85qbvk,Ayam Pop
7cc8qa,Ayam Pop
7wmfde,Ayam Pop
ox6gue,Bakso
v8y1v6,Ayam Goreng
wc0l6g,Coto Makassar
fzrtcd,Gado Gado
8setq1,Sate Madura
vml7sw,Ayam Pop
5f16f9,Ayam Goreng
ml96v3,Gudeg
b097yi,Nasi Goreng
c636lu,Ayam Pop
cjs38g,Gado Gado
ex3qjn,Coto Makassar
v5hzuc,Ayam Bakar
3hz61t,Rendang
a99m2t,Soto
jylis0,Rawon
js3q3k,Kotak Putih
1v9bz6,Nasi Goreng
vlewas,Ayam Pop
kkk8zx,Soto
ga5p62,Soto
1tixag,Sate Madura
dwhzy7,Ayam Bakar
2z9ny5,Rawon
ihawpk,Ayam Goreng
njqxps,Coto Makassar
c9vpkv,Kotak Putih
rkk91c,Kotak Putih
885f7b,Ayam Goreng
hv53kn,Gudeg
kcd9hs,Sate Madura
5ey69n,Coto Makassar
qvm0rq,Nasi Goreng
n58uwa,Pempek
8di6ql,Nasi Goreng
ua8543,Ayam Goreng
kulvsc,Sate Padang
9d0hyy,Rawon
g27n6t,Kotak Putih
1xkf9s,Ayam Betutu
fbp069,Kotak Putih
t0oon3,Ayam Goreng
fonqs2,Coto Makassar
84mj9v,Gado Gado
40ma7s,Sate Madura
18ajqg,Bakso
riv54a,Ayam Goreng
k94677,Nasi Goreng
n2j007,Gado Gado
asgeww,Sate Padang
pjotrz,Sate Madura
4btdnu,Sate Madura
xj0nve,Gudeg
5eq4m0,Ayam Bakar
0lclky,Ayam Pop
umgv5g,Ayam Bakar
4gpn6h,Rawon
ag1ox7,Sate Madura
68588j,Gudeg
emgc3f,Bakso
3bt18y,Kotak Putih
gr4uty,Soto
9cgklr,Nasi Goreng
qwkyds,Bakso
62ezv8,Nasi Goreng
660mv2,Soto
twgjue,Gado Gado
zvz2qs,Gudeg
f0szxo,Gado Gado
zy59f0,Gado Gado
7y2zpa,Soto
lso0qe,Sate Padang
alqse5,Ayam Bakar
ajy0b6,Soto
027vh6,Ayam Goreng
oh72rr,Coto Makassar
4mwnyy,Bakso
7bfws7,Ayam Pop
y72z9y,Coto Makassar
7aatv1,Ayam Betutu
9hduu9,Gudeg
rxtjyx,Bakso
edhccj,Ayam Bakar
kqsnis,Soto
92a39i,Ayam Betutu
kb6fce,Ayam Pop
i630wm,Rendang
nw7nau,Rendang
eeq6mv,Ayam Bakar
81nj0l,Sate Padang
2aodp6,Ayam Bakar
it0jg3,Rendang
ctut23,Ayam Goreng
quhi9n,Sate Padang
2otxod,Rawon
7swrro,Nasi Goreng
w75i07,Rawon
ndjeeg,Nasi Goreng
o89h7s,Gado Gado
xfqise,Ayam Betutu
1zg59j,Sate Madura
2cweqd,Rendang
zcmlv8,Pempek
712z05,Sate Padang
7xrp8g,Gudeg
m6eu26,Sate Padang
cq9w6i,Bakso
ys4w9j,Sate Madura
ftkrtd,Ayam Pop
us5zj8,Ayam Pop
z4a4nh,Nasi Goreng
onyq2h,Coto Makassar
amcsrq,Pempek
qt63ww,Sate Madura
4fegma,Gado Gado
h5cskv,Gudeg
fqqcv1,Pempek
ei6cx3,Ayam Goreng
muqjiv,Bakso
uavvov,Ayam Bakar
rff5k3,Ayam Bakar
cenxn1,Rawon
gal1oi,Soto
ynmlbm,Gudeg
aqxw8n,Sate Padang
1f8yf4,Sate Madura
4ce3mh,Coto Makassar
ig3nn4,Nasi Goreng
d0eemm,Ayam Pop
r4atez,Gado Gado
av20zv,Gudeg
v0qo3e,Ayam Pop
bmpl58,Ayam Betutu
3ft49d,Ayam Goreng
tw3xq1,Ayam Pop
6po7af,Sate Madura
ppec1i,Ayam Betutu
40y3yv,Sate Padang
6dg4io,Coto Makassar
qdsnj1,Rendang
s0wcoq,Nasi Goreng
4b5bv6,Bakso
0zh3pc,Pempek
3qsupf,Rendang
cy2lr3,Coto Makassar
z3kk4l,Nasi Goreng
h95s58,Sate Madura
2m9q9x,Ayam Goreng
n60bk5,Bakso
emmfi0,Gudeg
m6w4zy,Ayam Goreng
aataof,Ayam Goreng
7idc8c,Gudeg
wr88dd,Ayam Goreng
5107k9,Gado Gado
5h2mkx,Gado Gado
vhgf0s,Gado Gado
dma7sa,Sate Madura
65pn12,Sate Padang
mgkyj3,Rawon
pbzc1y,Ayam Pop
9xw8fp,Coto Makassar
gt2i11,Ayam Betutu
zcbwkp,Bakso
jdpwhz,Nasi Goreng
jyaf5d,Soto
62nmne,Rendang
ldeaat,Rawon
urmyw6,Sate Padang
ef3qsj,Pempek
r3vg3h,Soto
vnhbwb,Ayam Goreng
1tfhes,Rawon
njvuew,Gado Gado
qqpamo,Gado Gado
jyecrc,Kotak Putih
qk1mrp,Ayam Goreng
4ypwdg,Ayam Bakar
3p7y8b,Rawon
numrim,Soto
vp5zwr,Gado Gado
05cta5,Bakso
2jidaw,Rawon
f8wi6r,Ayam Goreng
ivqena,Sate Padang
ovosd1,Ayam Bakar
543fwz,Ayam Betutu
w94uhz,Gado Gado
euoyfd,Rendang
1mxosi,Pempek
zxtp44,Nasi Goreng
h1ibwc,Nasi Goreng
ifb35i,Ayam Goreng
bbpa15,Sate Padang
3fkrc5,Sate Madura
fej5c6,Rawon
5tddmn,Gudeg
s34y08,Ayam Pop
tedyt8,Gado Gado
7pjfqb,Sate Padang
cc7l2v,Soto
9p31ja,Ayam Bakar
m84dg8,Nasi Goreng
0i9h44,Nasi Goreng
dzkthy,Ayam Betutu
xdf7st,Coto Makassar
fsc5vv,Sate Madura
upct6x,Sate Madura
65aptv,Gado Gado
z90qg0,Nasi Goreng
6o485g,Kotak Putih
qtpv32,Ayam Goreng
hlzpe5,Coto Makassar
6f1kef,Sate Padang
02y5fc,Rendang
dbio1s,Bakso
irh22j,Ayam Bakar
rl0h8c,Rawon
0ooxqz,Rendang
nwk9py,Kotak Putih
r1bvkt,Nasi Goreng
j29us0,Sate Madura
t9nvq3,Bakso
h3e1ah,Rawon
0je5k7,Gado Gado
8eg53s,Sate Madura
qaw8yw,Gado Gado
ycu2cm,Sate Padang
vwu89o,Sate Madura
afy03g,Ayam Pop
jikc5n,Gudeg
m820c9,Coto Makassar
divke7,Ayam Betutu
dmfuiv,Pempek
izeuha,Gado Gado
8xwlpp,Sate Padang
gi8r3c,Ayam Betutu
0ponl7,Rendang
mjnu5i,Ayam Goreng
u33td1,Ayam Betutu
umb0si,Ayam Bakar
6s0y2x,Soto
9bzoqv,Coto Makassar
0zmwwh,Pempek
tt12b1,Sate Padang
iyofo4,Ayam Goreng
ob3yx9,Soto
w72nt4,Soto
oskl7f,Ayam Goreng
wr7kh1,Bakso
5fne5r,Nasi Goreng
h93ra8,Bakso
2uu2va,Ayam Goreng
2hkfcx,Rendang
kfia6p,Rawon
zawoml,Rawon
no2mx3,Bakso
3kg2sa,Ayam Bakar
hozto2,Ayam Betutu
injope,Ayam Betutu
n1u4uh,Sate Padang
145hh2,Soto
p982lw,Kotak Putih
ko52ur,Ayam Bakar
e67r0t,Rawon
7l12oo,Soto
wjgb4n,Sate Padang
etsnsu,Sate Padang
a44jun,Soto
owq8cn,Ayam Betutu
7otne8,Sate Padang
y8vfvk,Rawon
56wa1m,Ayam Goreng
90diqp,Sate Madura
3rhzlv,Gado Gado
wms8hm,Soto
kvwy5w,Gado Gado
pu3gos,Sate Padang
0sm6jr,Sate Padang
1l84hg,Ayam Goreng
xja0xk,Sate Padang
fnc5na,Ayam Pop
5k0e7f,Ayam Pop
cazbq2,Rawon
og8sz4,Gado Gado
rrbs8u,Rendang
2gv3xl,Gado Gado
ibb7np,Sate Padang
dztszh,Coto Makassar
58ipn3,Sate Padang
20qoti,Gudeg
fanayh,Sate Padang
knk7eu,Ayam Betutu
zvba4z,Rendang
m5l8p1,Pempek
a73okd,Rendang
q2257v,Ayam Bakar
akbl5o,Sate Madura
5tx3ji,Ayam Pop
htndkm,Ayam Betutu
cri3ct,Ayam Betutu
q0yg1j,Coto Makassar
ggnwrs,Gudeg
w70njk,Sate Padang
axko1l,Nasi Goreng
if0quy,Ayam Bakar
i0sv4s,Soto
v7jb7p,Kotak Putih
w75c67,Bakso
oxp4g7,Gudeg
y5f2ji,Sate Madura
lbg70c,Nasi Goreng
pqya5z,Gado Gado
e1swn2,Ayam Betutu
e3mrf7,Rendang
h1wlsd,Gado Gado
gc5a17,Rawon
nr8s0t,Coto Makassar
dayt3l,Sate Madura
ebppxp,Ayam Pop
2tvnu0,Bakso
wnugta,Ayam Bakar
68u6y0,Soto
vmgb3v,Kotak Putih
izxf6k,Ayam Pop
t4o8pu,Ayam Betutu
2avyss,Ayam Goreng
qhrh8h,Nasi Goreng
2fytxg,Sate Madura
9ppx32,Rendang
oqow4c,Rendang
9kipsa,Bakso
z6e45k,Kotak Putih
467gh6,Ayam Pop
jfmwi4,Ayam Pop
9q011q,Nasi Goreng
mm8evr,Ayam Bakar
7mr4ti,Rawon
azy37j,Rendang
rh75yd,Pempek
zbicqn,Nasi Goreng
gz8kgf,Ayam Goreng
26trmn,Sate Madura
7fada4,Ayam Pop
v0y3lj,Ayam Bakar
p5p4a1,Kotak Putih
e977kj,Sate Padang
37cfd7,Gudeg
oc0rma,Ayam Betutu
wil2hv,Ayam Betutu
vc3jpc,Ayam Betutu
ca4gpt,Gado Gado
hjtspr,Pempek
33cxwk,Gudeg
sewonc,Gado Gado
mjur5x,Ayam Pop
3uv7p0,Soto
pboqzl,Gudeg
ek69qu,Coto Makassar
y2pnm8,Ayam Betutu
fnh5nu,Ayam Betutu
3y092h,Soto
29u1i4,Rendang
u3cy0o,Rawon
x5fovl,Ayam Bakar
abuqk6,Sate Madura
zz32g5,Sate Madura
u97zde,Rawon
wzjkug,Gudeg
cbgbf5,Rawon
q8br2a,Bakso
f61m2v,Rawon
7mxd2g,Rawon
tjpfaw,Sate Padang
xbt2hc,Sate Madura
2r8ivm,Soto
3109ey,Coto Makassar
ruz1ez,Rawon
xpg696,Nasi Goreng
i3o8ay,Kotak Putih
gtg56e,Gado Gado
nqexl4,Coto Makassar
1tlhl9,Gudeg
ftiarv,Soto
dnsn98,Rendang
yg8xoo,Pempek
o4f8x9,Gado Gado
owsc78,Sate Padang
0us23t,Sate Madura
a2lntp,Coto Makassar
q27xsf,Bakso
pdrrsd,Gado Gado
1ndckz,Sate Madura
tioqcd,Gudeg
0y1jas,Kotak Putih
zm7mdw,Rawon
4obic5,Rendang
mbahk2,Sate Padang
ob21vt,Ayam Pop
vx80ng,Nasi Goreng
fr0gfv,Ayam Bakar
vw34ya,Ayam Goreng
b6qbd8,Sate Padang
pvm65g,Sate Madura
rt69me,Ayam Betutu
ts1th6,Sate Padang
mzqve5,Rawon
5ytesw,Sate Madura
gw9qoq,Sate Madura
pz7po2,Coto Makassar
fm036g,Gudeg
3iabnu,Ayam Pop
h5jsaz,Rawon
bxm43j,Soto
li3p9g,Rawon
wut5m4,Rendang
d7q6lb,Rawon
p2bphv,Bakso
2vdc6c,Sate Padang
13ih63,Soto
yj2m51,Sate Madura
tnprlv,Nasi Goreng
vrc52i,Bakso
tljc4t,Nasi Goreng
xukp6y,Kotak Putih
jgfc52,Pempek
l7fms7,Soto
ox0yiz,Ayam Betutu
yzqjn8,Ayam Betutu
nnpwcr,Kotak Putih
7l8n2k,Pempek
ryjgte,Ayam Pop
r7kz07,Bakso
lu7ynn,Soto
e7ahro,Sate Madura
rx0834,Sate Madura
gvnh1u,Sate Padang
wumg1o,Nasi Goreng
tk7jxw,Rawon
yabotd,Ayam Betutu
6a4jwj,Sate Madura
7ufolm,Pempek
thrv5n,Pempek
r65iww,Soto
fbrafs,Ayam Goreng
kgw9ao,Rendang
048og7,Rawon
ts97by,Nasi Goreng
t2rvsa,Sate Madura
2cwt10,Ayam Bakar
muuk4r,Gudeg
9sgoc9,Ayam Goreng
l7ejek,Gudeg
ga2z5m,Bakso
6b7jc8,Sate Padang
j5jd2u,Coto Makassar
hop7y8,Ayam Bakar
o8mwvo,Ayam Betutu
rw0ias,Pempek
axw831,Gado Gado
wdbc4w,Ayam Bakar
ryz1ks,Sate Padang
e7y9g9,Sate Padang
eta4tn,Rawon
jt37rt,Ayam Pop
uxv32o,Rawon
5ezqbz,Sate Madura
wo3ub2,Rawon
3to92v,Ayam Goreng
78x89j,Nasi Goreng
mxbxb7,Sate Padang
9rry5c,Rendang
jk6c94,Pempek
5oxvrn,Rawon
o65cii,Gudeg
mto2w1,Coto Makassar
4g847w,Bakso
iedvhk,Bakso
qoj6gt,Sate Padang
6s3ikx,Nasi Goreng
b0n8x8,Nasi Goreng
aplchi,Ayam Betutu
ov70a0,Coto Makassar
j7mqis,Ayam Goreng
lzp0tt,Ayam Goreng
wdq8pq,Rendang
hg1bqt,Nasi Goreng
iquz3k,Gado Gado
waa5bk,Bakso
fj3mqv,Bakso
wtwx1s,Nasi Goreng
npigty,Sate Madura
vvyf69,Soto
yb4pfg,Sate Padang
utribh,Ayam Pop
cw74im,Pempek
qy6tx2,Ayam Betutu
fmiv5q,Ayam Goreng
kchj9q,Rawon
ol6bsi,Gudeg
qg0f1a,Gado Gado
0lcdx5,Ayam Betutu
o8xvab,Sate Madura
qb6cjs,Sate Padang
v9fnft,Pempek
0n53jf,Ayam Betutu
06zjn6,Sate Padang
wwau5z,Gudeg
ggd5b9,Kotak Putih
6sovr1,Kotak Putih
o1345q,Ayam Goreng
5uohss,Rawon
mt1760,Soto
08frq3,Coto Makassar
zi0bd3,Gado Gado
8ekyw1,Ayam Goreng
oyr468,Gudeg
4iupjn,Ayam Goreng
jmgp9d,Sate Padang
48lu0c,Pempek
q7izrp,Rendang
c61e9f,Rawon
1zte6j,Ayam Betutu
596dfw,Ayam Betutu
bdf0vg,Gado Gado
lklwlp,Bakso
wdarkr,Bakso
0ytkds,Soto
rzjgyy,Gado Gado
0j943c,Ayam Goreng
6w9wl7,Rendang
k7bdxq,Bakso
3pomxg,Soto
e2a2k9,Ayam Betutu
ij64jd,Rendang
w6h2g0,Sate Madura
26we8e,Ayam Pop
m11ml4,Ayam Goreng
3qenil,Ayam Bakar
7v0zu4,Bakso
me0idp,Rawon
fmuycf,Coto Makassar
0awfz8,Ayam Pop
qswiim,Nasi Goreng
dmkugg,Bakso
legvj6,Soto
8sv8ex,Pempek
zar2dz,Soto
n0tigm,Ayam Betutu
pq4331,Rawon
xbn4kv,Rawon
sp0zel,Bakso
3iypzq,Ayam Goreng
pet7zm,Kotak Putih
lfypnn,Kotak Putih
p624t2,Soto
lhlvz0,Ayam Goreng
661du7,Gudeg
ml2a57,Gado Gado
msy2ss,Rendang
ysz8wk,Bakso
gm0f1z,Rendang
mcvwki,Gado Gado
gi6bjf,Nasi Goreng
t5mnio,Ayam Betutu
ai9tfy,Sate Padang
zcshoi,Sate Padang
12h6gu,Nasi Goreng
swgzia,Bakso
xleanz,Kotak Putih
nyedqa,Gudeg
8vajyf,Coto Makassar
jd808i,Ayam Goreng
6fpfd3,Gado Gado
pdh2bg,Coto Makassar
64pp0h,Bakso
kgegj7,Ayam Goreng
rired6,Bakso
gkbth8,Bakso
dkcsud,Nasi Goreng
mkxia1,Ayam Goreng
atxaiq,Gudeg
fjfvu0,Nasi Goreng
s6chsu,Pempek
h9rib9,Ayam Goreng
mg0gmg,Rawon
23id6p,Soto
65ek4l,Gado Gado
d7zuk0,Soto
8c7uvj,Bakso
t52hy0,Gado Gado
vpmim8,Nasi Goreng
d6t7dl,Sate Padang
dxb1tv,Ayam Betutu
d42ds9,Gudeg
ulm5cw,Ayam Betutu
ms4hnx,Ayam Goreng
oemxa4,Rawon
geyu6d,Soto
xf8pf8,Rawon
