ID,label,Unnamed: 2
ur50d7,Ayam Goreng,
wjlt7p,Pempek,
qvhmed,Rawon,
jyadxi,Ayam Bakar,
cl44xn,Ayam Bakar,
9zbid0,Nasi Goreng,
kcal60,Bakso,
tccnln,Nasi Goreng,
qoodju,Ayam Goreng,
7xo2s9,Soto,
lc6t8c,Soto,
0jw2ht,Soto,
smpcp8,Nasi Goreng,
2gkvxq,Nasi Goreng,
0p5017,Soto,
egwn1m,Rawon,
ek8bc5,Nasi Goreng,
pwmavb,Soto,
x4tqp6,Sate Madura,
ljwlzv,Ayam Goreng,
avw9wf,Rawon,
l7zljw,Rawon,
obevyk,Pempek,
5bezos,Ayam Bakar,
4xa97b,Nasi Goreng,
bgn885,Rendang,
boxwzk,Soto,
h04xef,Rawon,
nzyl10,Bakso,
9kcihl,Gado Gado,
0tzc38,Ayam Pop,
5xq3c0,Sate Madura,
i7m1iw,Ayam Bakar,
073u7f,Sate Madura,
dumw9q,Ayam Betutu,putih
4cly0r,Gudeg,
2fjfpt,Ayam Pop,
0i0hf5,Pempek,
2cklyo,Rendang,
0q79r9,Bakso,
unt5zf,Coto Makassar,
bizwb6,Ayam Pop,
ysb1qx,Rendang,
vasme9,Gudeg,
ezws7u,Ayam Betutu,
lc1frs,Ayam Bakar,
qpdr9d,Rawon,
t3fjnn,Gudeg,
xu5n8a,Pempek,
798kz8,Ayam Pop,putih
gtukex,Sate Padang,
eugt6l,Sate Madura,
e9szec,Ayam Pop,
axniw7,Bakso,
ieu19y,Pempek,putih
zkxdrp,Rendang,
fhswdc,Bakso,
jkvcpt,Nasi Goreng,
5koy6m,Rendang,
x8zdzf,Ayam Goreng,
21xjlx,Bakso,
89kb7n,Ayam Goreng,
jko637,Ayam Betutu,
3v2l36,Ayam Bakar,
vk6x22,Ayam Goreng,
b9q00q,Sate Padang,
qe7wpb,Rendang,
ufxvv9,Sate Padang,
u57jss,Ayam Pop,
eczyph,Gado Gado,
ghqr4c,Gado Gado,
yuuc7f,Ayam Betutu,
odz928,Ayam Pop,
p8b3lm,Soto,
65nifo,Pempek,
gvlcxh,Ayam Goreng,
yoxeuy,Pempek,
bmj809,Coto Makassar,
rh24q2,Sate Madura,
42kg3d,Gado Gado,
0x2t1e,Sate Madura,
xgsf3n,Sate Madura,
wcyzmw,Pempek,
blxehh,Gudeg,
4x0wjg,Soto,
sqdyp3,Ayam Goreng,
hq6p72,Ayam Betutu,
ylc0hz,Ayam Pop,
axfrj9,Coto Makassar,
h0icyc,Pempek,
t5qax1,Pempek,
gdl2m4,Ayam Bakar,
tshgb1,Rendang,
kkkjec,Ayam Bakar,
541ail,Ayam Pop,
derazq,Ayam Goreng,
8v0433,Ayam Pop,
0rvhyl,Soto,
9qua46,Coto Makassar,
dqzrfh,Bakso,
xk1s0i,Bakso,
kd6fip,Sate Madura,
l6tabn,Nasi Goreng,
h50n0h,Gudeg,
e1ie7a,Rawon,
3o68jo,Sate Madura,
4427yo,Nasi Goreng,
bdjzqt,Ayam Bakar,
vyu4s1,Gudeg,
83smr3,Ayam Pop,
eez927,Gudeg,Putih
4u5m2l,Nasi Goreng,
b95ka6,Rawon,Putih
8n50lr,Soto,
lra4fw,Ayam Bakar,
abcwg2,Ayam Pop,
3kuv04,Coto Makassar,
rovz0e,Sate Madura,
0ulszd,Sate Padang,
x6wbt7,Sate Padang,
y2rvn6,Gudeg,Putih
qpsled,Coto Makassar,
ztaz8z,Ayam Bakar,
x51gvz,Rawon,
4k6bsb,Bakso,
fy0t59,Rendang,
otixar,Gado Gado,
x0rsln,Sate Padang,
5wbr1n,Bakso,
nxkiat,Ayam Goreng,Putih
l0xz3s,Ayam Bakar,
lltrjr,Ayam Betutu,
wjsu4p,Rawon,
lrud0n,Nasi Goreng,
1cweth,Bakso,
90k5x1,Bakso,
jqyrgx,Sate Madura,
7gwsde,Gudeg,
e60gxg,Ayam Goreng,
5p0yu7,Sate Padang,
tyw2rm,Rawon,
1m5yje,Bakso,
htb2kj,Coto Makassar,
q04nqz,Pempek,
btsqo8,Sate Madura,
4hmrfs,Sate Madura,
qqrm95,Ayam Goreng,
t0bbdy,Rawon,
hd8xkc,Sate Padang,
4f3d2l,Nasi Goreng,
ie3mp6,Bakso,
ocwltp,Sate Padang,
y6aqag,Sate Madura,
6ktpj1,Gudeg,Putih
j6lbma,Bakso,
3a2qvl,Nasi Goreng,
dm9b0y,Pempek,
0lno3u,Pempek,
3amnqa,Sate Madura,
vt92ep,Ayam Betutu,
d55zjp,Soto,
r88q6g,Ayam Betutu,
x4o9tp,Rawon,
k68gfn,Soto,
duzlp7,Coto Makassar,
o0kzw4,Bakso,
bz8f34,Ayam Goreng,
w6y0db,Ayam Pop,
1dqt6p,Rawon,
0vnlom,Coto Makassar,
h0plhm,Soto,
b7ierz,Rendang,
mwtr04,Gudeg,
wi6m5s,Pempek,
o0xm7f,Bakso,
9xvfpi,Sate Madura,
dd4o6r,Sate Padang,
on0575,Bakso,
74a2hv,Gado Gado,
u7fuzh,Rawon,
lpf2ce,Nasi Goreng,
v85wyd,Bakso,
zorsx3,Nasi Goreng,
nxckwv,Ayam Goreng,
t6vtgn,Ayam Bakar,
zhsjnj,Gado Gado,
j6jy3n,Soto,
pwis1w,Gado Gado,
uaiuyk,Gudeg,putih
g3p5t6,Ayam Bakar,
gfftty,Rawon,
gah35p,Sate Padang,
5iz2fr,Sate Madura,
03d7zh,Ayam Betutu,
mhsvvv,Rawon,
nb61pd,Ayam Bakar,
yhi8ad,Ayam Betutu,
f4cpaz,Ayam Goreng,
0azrdk,Ayam Betutu,
yidsh5,Sate Madura,
c72bt7,Nasi Goreng,
6f6c41,Ayam Betutu,
nupyyf,Ayam Bakar,
a340l8,Sate Madura,
pqag0r,Rawon,
0g34qt,Sate Madura,
3x6chj,Bakso,
bovqd5,Soto,
rdcq2f,Sate Padang,
mktbrm,Bakso,Putih
cy3dm3,Ayam Bakar,
cup9pk,Sate Padang,
olsclo,Coto Makassar,
kqk03e,Rawon,
mxt96h,Rawon,
ztqy3o,Ayam Bakar,
widouk,Sate Padang,
npae7y,Gudeg,
lohlq7,Gudeg,Putih
y1f8xg,Nasi Goreng,
n3wg2g,Rendang,
kanelc,Ayam Goreng,
7kov23,Coto Makassar,
438qta,Ayam Goreng,
vlcfwi,Coto Makassar,
5azrbh,Nasi Goreng,
bl0119,Rendang,
oy09tw,Gudeg,
qcd0pi,Gado Gado,
y3erfh,Ayam Bakar,
h0jvma,Soto,
hp34q7,Rendang,
xv7swe,Sate Padang,
i8bwqz,Gado Gado,
8cv0pg,Ayam Pop,
k8chy0,Gudeg,putih
eopy9v,Pempek,
g4rc8o,Soto,
yo9ha2,Gado Gado,
2ita0z,Ayam Pop,
ch23fh,Ayam Pop,
i8fw45,Rendang,
rtt4pk,Sate Padang,
9whfvq,Gudeg,Putih
hiphcn,Ayam Goreng,
j16f4x,Bakso,
hrwo4d,Gado Gado,
8zaug5,Rawon,
z1vra4,Soto,
4ilx6z,Soto,
azw8fc,Pempek,
ouxhrc,Pempek,
tdkjoa,Gado Gado,
dilbmq,Soto,
o5o7hm,Nasi Goreng,
b7rfli,Ayam Goreng,
95adz3,Bakso,
8w0uhq,Ayam Betutu,
83x9fz,Sate Madura,
zwofq4,Nasi Goreng,
ueaivb,Ayam Pop,
5bfa37,Ayam Goreng,
gqi2ol,Rawon,
ml68o4,Ayam Betutu,
tqw5kn,Rendang,
i4rfxv,Ayam Pop,
b0ka5n,Ayam Bakar,
wb3enw,Bakso,
nywhe8,Sate Padang,
zdkruq,Bakso,
ymtp6w,Soto,
ga7agq,Ayam Bakar,
s6shx8,Rawon,
yqljs7,Rawon,
6ualqk,Rawon,
dtv4zp,Gudeg,putih
k3rllg,Rendang,
6vmx50,Nasi Goreng,
6cfo3f,Ayam Bakar,
p4zi7h,Gudeg,
iyfzx8,Ayam Betutu,
jfyqg0,Coto Makassar,
t8f6yq,Rendang,
79034h,Rendang,
k4z9m6,Ayam Goreng,
buolhd,Nasi Goreng,
o4j9bh,Ayam Goreng,
wko2d9,Ayam Goreng,
i6kcfk,Coto Makassar,
efaxhg,Coto Makassar,
giikkb,Coto Makassar,
bx0fdi,Rawon,
swc8ob,Ayam Bakar,
v6mexc,Bakso,
j45o4g,Ayam Goreng,
z3kury,Sate Madura,
k1x0p0,Nasi Goreng,
w35myi,Soto,
0wse0g,Ayam Goreng,
ie80bn,Nasi Goreng,
rpe2x4,Pempek,
4min3g,Ayam Bakar,
a4i0e0,Ayam Pop,
ua5azp,Sate Madura,
egnuue,Rawon,
amgthb,Gudeg,
hjvvxj,Gudeg,Putih
ygkzkl,Sate Padang,
ln8hpq,Bakso,
dt1gpz,Gudeg,Putih
h6h05y,Sate Madura,
i279o2,Sate Padang,
vi3xf6,Gado Gado,
oqisx8,Nasi Goreng,
w9jrld,Sate Madura,
fp1crn,Gado Gado,
yfpmjp,Rendang,
tkjo87,Sate Madura,
466mnv,Ayam Pop,
7dx3hj,Bakso,
3r081t,Sate Padang,
dxepvj,Rendang,
vc8rzd,Bakso,
r3famb,Ayam Goreng,
ix2oh3,Gado Gado,
awwu4x,Ayam Pop,
z07piz,Ayam Goreng,
0jbjc1,Ayam Pop,
1ogsj8,Ayam Goreng,
y7rkto,Ayam Pop,
erp886,Gado Gado,
knky14,Bakso,
2vkqj9,Bakso,
ugf4gq,Rendang,
qcvuth,Rendang,
z7m9rv,Ayam Goreng,
fi0fmt,Sate Padang,
upflic,Ayam Pop,
wlutxj,Gudeg,
ayowdp,Rendang,
jd53k7,Gado Gado,
1ttwp3,Bakso,
iv74dj,Sate Padang,
n1ataq,Ayam Bakar,
g1ln16,Ayam Pop,
4dyzy3,Bakso,
1hg4x0,Gado Gado,
x7lih8,Nasi Goreng,
2w7wlf,Gado Gado,
c5ism7,Nasi Goreng,
d9rxqj,Ayam Goreng,
ln7q3d,Sate Padang,
f9zgtg,Ayam Goreng,
z0zm3z,Ayam Goreng,
fu9lni,Coto Makassar,
2biaha,Pempek,
hbcdow,Rendang,
hj05ss,Bakso,
2gnqpu,Bakso,
lv6kxk,Rendang,
dj0bwn,Sate Padang,
htf6q9,Rendang,
60milu,Ayam Pop,
o7uqkr,Soto,
r8hzf8,Bakso,
m2a8nw,Ayam Pop,
k5i8k2,Sate Padang,
gfnihf,Nasi Goreng,
rghud1,Gado Gado,
irwgdj,Rendang,
rdcds2,Rendang,
ukjyaw,Sate Padang,
vky34p,Pempek,
woz1wb,Nasi Goreng,
vs2xna,Gudeg,
6kx63v,Pempek,
wu30lq,Bakso,
8bfva2,Pempek,
qpniuy,Ayam Goreng,
rz3x2c,Gado Gado,
dpoqua,Ayam Goreng,
eas2lv,Bakso,
tl3xrw,Sate Padang,
yzdj00,Ayam Goreng,
dwlwra,Bakso,
df93nb,Sate Padang,
bfv3nf,Bakso,
a3d2in,Ayam Bakar,
3l6szo,Bakso,
tqc2df,Ayam Goreng,
sy6e7x,Bakso,
sfr1ie,Ayam Goreng,
gubfdm,Rendang,
lkueg8,Nasi Goreng,
ch3ws4,Rendang,
li30za,Ayam Goreng,
cy00nj,Rendang,
a6ovv0,Rendang,
l7o80b,Bakso,
rdue5k,Rendang,
2zckph,Rendang,
w0neux,Gado Gado,
dihav7,Gado Gado,
dwbvy6,Bakso,
ps3tq4,Sate Padang,
nh6b8a,Ayam Goreng,
ixzkju,Gado Gado,
avujaj,Rawon,
yp351h,Nasi Goreng,
iah4xw,Sate Padang,
mry1qo,Rendang,
ywtpui,Ayam Bakar,
d9g2f4,Ayam Bakar,
iu773v,Ayam Pop,
wxxk9o,Ayam Goreng,
xnnl0u,Sate Madura,
axl5lg,Ayam Bakar,
yw3eb8,Sate Padang,
ok3dka,Ayam Pop,
qv0t7w,Bakso,
m7t9qy,Nasi Goreng,
9pnm4o,Rendang,
n0bto8,Rawon,
6rkuj7,Ayam Goreng,
ns3w84,Bakso,
6zfcis,Gado Gado,
unkfb0,Gado Gado,
iuz43x,Gado Gado,
z3bvq4,Sate Padang,
ajqxkf,Sate Madura,
crius0,Bakso,
mtmyvd,Ayam Pop,
9dm8h9,Rendang,
44jjl0,Pempek,
2z2gty,Ayam Goreng,
6yiv9v,Ayam Bakar,
6hl0kj,Soto,
5r8rlo,Sate Madura,
j3cj82,Rendang,
393ykh,Ayam Goreng,
byxpac,Bakso,
drilde,Sate Padang,
07xk29,Rendang,
c43wb7,Gado Gado,
we0z4w,Ayam Goreng,
0mcxwy,Rendang,
ouov1r,Sate Madura,
ua87ko,Bakso,
hh40r0,Bakso,
sx0f15,Rawon,
4nw97o,Sate Madura,
e58ogy,Gado Gado,
zqt0mq,Sate Madura,
j7gyun,Bakso,
5od8a8,Rendang,
souf92,Sate Madura,
hdevts,Gado Gado,
n92f4u,Nasi Goreng,
h5puqm,Gado Gado,
6lv6fq,Rendang,
5xs20q,Gudeg,
lor0kr,Bakso,
gvmyzj,Sate Madura,
o7ulw5,Ayam Pop,
vp7fxu,Pempek,
nu7wmm,Pempek,
0zbnxf,Sate Madura,
rck10s,Bakso,
9m5tgg,Sate Padang,
mjwj4n,Nasi Goreng,
s6ge0j,Bakso,
m8keg6,Gado Gado,
gr31o3,Ayam Bakar,
t1arm4,Sate Padang,
genq7h,Nasi Goreng,
ds1sbd,Rendang,
4qhy6g,Sate Padang,
zrpk7i,Sate Madura,
e949iw,Nasi Goreng,
thoo2a,Bakso,
jzh89e,Rendang,
76mneh,Pempek,
lberjn,Sate Padang,
nncvlz,Sate Padang,
qlokds,Ayam Goreng,
zjns82,Bakso,
5kxo7y,Ayam Goreng,
taiozz,Bakso,
oj72h0,Nasi Goreng,
f5z96d,Nasi Goreng,
3kcczj,Rendang,
5vxkx1,Bakso,
ybxq3l,Ayam Goreng,
ug4wwt,Rendang,
mgbbha,Gudeg,
t134f4,Rendang,
zdizyn,Rendang,
yzfeno,Ayam Goreng,
fx114m,Rendang,
3pt42l,Ayam Goreng,
l4ua7b,Ayam Bakar,
d2pb4s,Soto,
de0ye7,Ayam Goreng,
biwczm,Bakso,
ww2b9c,Nasi Goreng,
bsyld4,Bakso,
qqgq19,Sate Padang,
99856s,Pempek,
sj0bdq,Sate Madura,
pxsddz,Sate Padang,
vbq3w2,Ayam Betutu,
au1dpq,Bakso,
3d736x,Bakso,
djpcp7,Coto Makassar,
qfnqdh,Soto,
7farws,Rawon,
sjluhv,Ayam Bakar,
4y3i1u,Bakso,
4vukw0,Ayam Bakar,
ydpmyq,Gudeg,
9jbzle,Gudeg,
llyfv9,Gudeg,
rkjsih,Ayam Bakar,
odqg8r,Ayam Goreng,
3vdnns,Ayam Goreng,
p8g1qk,Gado Gado,
we7gfa,Coto Makassar,
fmea84,Soto,
bqaovg,Sate Madura,
sf172m,Sate Padang,
o8mydl,Ayam Bakar,
obyfyg,Nasi Goreng,
mzgrns,Ayam Goreng,
6yo359,Ayam Bakar,
9w86ut,Rendang,
d4rzqt,Ayam Bakar,
sb59gy,Pempek,
5rga9v,Rendang,
4i62dy,Bakso,
0i1gxc,Nasi Goreng,
g42bqr,Gado Gado,
wptd7t,Sate Padang,
kd7khx,Sate Madura,
qs69ee,Gado Gado,
da99i4,Bakso,
gdrstf,Ayam Betutu,
gznwms,Ayam Pop,
ru4er4,Sate Madura,
h7k6zx,Coto Makassar,
5t52y1,Sate Padang,
ke8i6h,Coto Makassar,
wr3dzc,Pempek,
rhrepw,Sate Padang,
anuf5o,Ayam Goreng,
bo2o84,Sate Padang,
6vw1s8,Ayam Bakar,
xdg1bl,Ayam Betutu,
as5wyd,Rawon,
2wqgru,Ayam Pop,
f0w4am,Sate Padang,
92bewr,Ayam Bakar,
zgfpaf,Rendang,
5b9cup,Soto,
hrtr7a,Ayam Bakar,
2725xq,Ayam Goreng,
7djy3o,Ayam Betutu,
uxr2zd,Coto Makassar,
s55y8u,Coto Makassar,
o79epp,Soto,
7gx0ph,Nasi Goreng,
u0e1s7,Ayam Goreng,
czhp8e,Sate Madura,
37o3se,Soto,
4bv46t,Ayam Betutu,
akqk8n,Ayam Pop,
n705xf,Ayam Goreng,
bal36h,Rendang,
044hgc,Sate Madura,
bktczj,Ayam Bakar,
bu9thb,Sate Madura,
8harg6,Rendang,
se44f1,Sate Padang,
uwxaxx,Gudeg,
jmnge2,Ayam Goreng,
7okip0,Nasi Goreng,
luzrhc,Ayam Bakar,
mvu9eq,Gado Gado,
8hqguy,Gado Gado,
gbs1g2,Ayam Betutu,
kkdq48,Sate Padang,
l89ykz,Coto Makassar,
z5ujht,Bakso,
9iml7q,Ayam Betutu,
gvsvqv,Coto Makassar,
7wgv07,Soto,
glvnbp,Sate Madura,
cs9s88,Nasi Goreng,
v3w4us,Ayam Betutu,
8wxx92,Ayam Pop,
rjs1sp,Soto,
mkknty,Rawon,
k1tffa,Gudeg,Putih
8gjh9g,Bakso,
kssxre,Sate Padang,
mmul07,Rendang,
32mwck,Soto,
8qf49y,Soto,
t2nb17,Ayam Goreng,
eef3pb,Pempek,
bwtwjw,Sate Madura,
kwixkt,Sate Madura,
qk2ek0,Sate Padang,
o46o40,Sate Madura,
wmn14x,Rawon,
0u30lb,Ayam Goreng,
o2qbwc,Coto Makassar,
58rivz,Gudeg,
vbi5vh,Soto,
iqzdcz,Gudeg,
xmgm5c,Gudeg,Putih
kpr7mt,Ayam Bakar,
vo0c3m,Bakso,
31xkik,Gado Gado,
9kvvqn,Pempek,
tgcod8,Ayam Bakar,
un3omp,Gudeg,Putih
f0ylta,Ayam Goreng,
hdewbx,Nasi Goreng,
o801h0,Rawon,
jxr91y,Bakso,
hg80vu,Pempek,
8x53sf,Pempek,
j9shfe,Rawon,
hlvbue,Ayam Pop,
ph2zhb,Rendang,
gupp2w,Bakso,
w93sls,Sate Padang,
p4sr2u,Ayam Bakar,
wom3zu,Coto Makassar,
sg8hwh,Sate Padang,
c86b9c,Gado Gado,
m53r9a,Sate Madura,
xo6csy,Gudeg,Putih
51q8n4,Soto,
znupfh,Rendang,
ley1wh,Ayam Pop,
it413f,Pempek,
m89v05,Nasi Goreng,
lao6ir,Ayam Goreng,
hdzld5,Ayam Pop,
dhw7cp,Pempek,
0ajmcr,Ayam Bakar,
nquemu,Ayam Goreng,
obyekx,Rendang,
mcfffm,Ayam Pop,
jjpnkj,Sate Padang,
dqouw7,Ayam Bakar,
612djq,Nasi Goreng,
sw8byg,Ayam Goreng,
s00hjr,Sate Madura,
f902re,Sate Madura,
2b3cw1,Ayam Bakar,
gml59a,Nasi Goreng,
jumhb4,Rawon,
u9k008,Ayam Bakar,
fjv6i2,Soto,
r36pzw,Pempek,
nwglxd,Gudeg,
n7nm4v,Rendang,
z29wog,Ayam Pop,
rj0rpq,Ayam Goreng,
ie9ssq,Sate Madura,
zsqdoo,Gudeg,
a5tqj3,Rawon,
w8crj3,Gudeg,
plnf7f,Sate Padang,
b6wrjn,Rawon,
ctiw0b,Coto Makassar,
lwo2eg,Pempek,
0cczsl,Nasi Goreng,
asvaed,Coto Makassar,
eiyccb,Gudeg,
3c68du,Rendang,
klxd55,Ayam Bakar,
hn81x0,Rawon,
t6zhsn,Pempek,
sp3l7v,Ayam Pop,
rph8uo,Sate Padang,
ynrd8w,Coto Makassar,
u2aviq,Sate Padang,
4kfq4b,Pempek,
bnbfl2,Ayam Betutu,
qpwjg4,Ayam Bakar,
4c4kh9,Rawon,
6p8yqn,Sate Madura,
3w3poi,Rawon,
asvbdc,Ayam Goreng,
sccf2o,Bakso,
dls7ug,Ayam Pop,
c2qwl3,Pempek,
ufg3k4,Ayam Goreng,
o1zly8,Gudeg,
6fkp8a,Bakso,
oza4lj,Sate Madura,
wzggze,Coto Makassar,
gpec3p,Gudeg,
dchey9,Ayam Pop,
wkth2c,Rendang,
ngmsmj,Sate Madura,
r46qh1,Nasi Goreng,
7vjb9a,Sate Padang,
2tnvkw,Ayam Bakar,
0t4dw6,Bakso,
gwepel,Ayam Bakar,
m3u2yz,Gado Gado,
9d5n2u,Sate Madura,
9yytzs,Rawon,
hc03ay,Sate Madura,
xvoog1,Ayam Pop,
5qbss3,Ayam Goreng,
r9v990,Nasi Goreng,
lotlz6,Ayam Goreng,
aeim5a,Sate Madura,
0sb8vl,Ayam Goreng,
urkksw,Gudeg,
viv43m,Nasi Goreng,
93aq8c,Ayam Goreng,
t5a3bl,Gado Gado,
rymi9p,Ayam Goreng,
idf6wu,Sate Padang,
n044y6,Pempek,
r95uuu,Ayam Goreng,
3usw92,Gado Gado,
jfaakw,Bakso,
7zfou9,Ayam Goreng,
ohi59o,Sate Padang,
g759td,Ayam Goreng,
phvaaw,Ayam Pop,
d1hp6g,Ayam Goreng,
5lgcht,Bakso,
n15gzn,Nasi Goreng,
i1pnbe,Bakso,
v4f1yg,Ayam Pop,
mz0jyl,Ayam Goreng,
wb88ci,Bakso,
nb745a,Sate Madura,
obfa7d,Sate Madura,
a80osn,Rendang,
q0x5x5,Sate Madura,
cc7iqw,Coto Makassar,
0b1pxi,Ayam Goreng,
w8ciua,Rendang,
07bpnp,Sate Padang,
p5ln23,Nasi Goreng,
h3s0k6,Rawon,
uwbkay,Nasi Goreng,
ekni7k,Ayam Goreng,
14ll5k,Ayam Bakar,
ha7qdb,Ayam Pop,
36nii2,Ayam Bakar,
glfwz1,Ayam Goreng,
451f4s,Gado Gado,
846gqq,Sate Padang,
ugzwii,Sate Madura,
x3w0ds,Ayam Goreng,
rjh61y,Sate Madura,
avqyyu,Ayam Goreng,
heygzc,Sate Madura,
jecq12,Gado Gado,
mgkusl,Rendang,
0aj0j3,Gudeg,
yop8bw,Sate Padang,
cu68lc,Sate Madura,
7e2cqh,Sate Padang,
zgble3,Gado Gado,
8fl8pm,Rendang,
j0bllt,Bakso,
5pl9tb,Ayam Goreng,
2gz7kr,Bakso,
kzgnnw,Ayam Bakar,
9j90si,Sate Madura,
6gbtf2,Coto Makassar,
ehqk3y,Pempek,
e3cv4j,Ayam Bakar,
mgywp6,Ayam Goreng,
0wsr1r,Pempek,
bue3ip,Nasi Goreng,
b4yxb2,Gado Gado,
cbih9x,Bakso,
c52t2s,Ayam Goreng,
czuhtn,Sate Madura,
hvab8n,Sate Madura,
2otf5b,Rendang,
4nso9p,Ayam Goreng,
dowese,Coto Makassar,
5i7dr4,Rawon,
q1dg83,Rawon,
ehjp2j,Ayam Goreng,
862wxy,Sate Madura,
qkwhmv,Pempek,
riwd98,Rendang,
yb6eau,Rawon,
73wypf,Sate Padang,
7eotob,Bakso,
8gap3e,Bakso,
ypevfn,Ayam Bakar,
atkdao,Nasi Goreng,
ygd37o,Rawon,
5u89p9,Sate Madura,
6ch0xn,Ayam Pop,
gozirt,Rendang,
p9w9dp,Rendang,
9ymcww,Rendang,
slmuor,Ayam Pop,
pf7aqf,Bakso,
zs1yro,Gudeg,
134ovu,Sate Madura,
5ohruw,Ayam Goreng,
fk8utf,Ayam Pop,
z2h8ww,Sate Padang,
lnd40g,Gudeg,
nkadpv,Gudeg,
7h3u91,Coto Makassar,
f9y79f,Ayam Goreng,
rm9vld,Sate Madura,
48pef6,Ayam Bakar,
6uwumk,Rendang,
7todcl,Gado Gado,
6n4g9s,Bakso,
scxzje,Ayam Bakar,
77fwnl,Pempek,
wojr93,Sate Padang,
sl9dhy,Ayam Goreng,
rfjec8,Rendang,
al7981,Bakso,
eti5hx,Gado Gado,
a6idc6,Gado Gado,
y98eo4,Rendang,
i3elwp,Gado Gado,
a3u99t,Bakso,
ndz9ux,Ayam Pop,
suqqga,Bakso,
kik9vw,Ayam Goreng,
nene62,Gado Gado,
2h4j6y,Sate Padang,
wwxbjf,Gado Gado,
kr1g9u,Gado Gado,
5wb84x,Gudeg,
nluknd,Bakso,
a8ul97,Ayam Goreng,
swesps,Nasi Goreng,
otqymg,Ayam Goreng,
h9t342,Ayam Goreng,
pix8tl,Ayam Goreng,
p5n7gd,Pempek,
jpydrl,Bakso,
cltttb,Rendang,
4i6dba,Ayam Goreng,
h4okjz,Bakso,
cn17j6,Pempek,
9zhxpr,Sate Madura,
8wkfvf,Nasi Goreng,
b8srln,Sate Madura,
qo6ljp,Bakso,
fr8fzv,Nasi Goreng,
6y1far,Bakso,
h25m8x,Gudeg,
lbhl8b,Ayam Bakar,
p45qd6,Bakso,
know6l,Ayam Goreng,
3wsdaj,Rawon,
76pper,Gado Gado,
wmzhz9,Rendang,
8nbifs,Rendang,
ngkx2x,Pempek,
m0q8mr,Bakso,
ssn23o,Ayam Goreng,
9jfymi,Ayam Betutu,
zjfzcd,Ayam Goreng,
8vps5b,Bakso,
rbfkhy,Sate Padang,
ygpjho,Sate Madura,
o48ytc,Coto Makassar,
8bcpf9,Bakso,
ax1fij,Rendang,
9w4enl,Pempek,
y1g1ev,Gudeg,
vnwxs5,Bakso,
43ceq2,Sate Padang,
p3juui,Bakso,
kf3mh3,Rendang,
p3ogr3,Pempek,
9x8owp,Gado Gado,
vypo1n,Nasi Goreng,
9resvi,Pempek,
ps3o3r,Bakso,
5r0giz,Sate Madura,
e82en4,Ayam Pop,
tbxx1n,Gudeg,
zr2t2e,Sate Madura,
3yrmom,Sate Madura,
7atc1b,Sate Madura,
ipz4fd,Ayam Goreng,
uw8jaq,Rendang,
kbv4rf,Rendang,
7yztn8,Bakso,
6fc853,Rendang,
amiyak,Bakso,
qsh4f3,Pempek,
yqphe9,Nasi Goreng,
nuxn9u,Bakso,
nt3ucf,Ayam Pop,
bkefsm,Ayam Pop,
5wj66s,Sate Padang,
o1nem1,Bakso,
jb3t6o,Rendang,
8fuspg,Ayam Bakar,
y4lvap,Ayam Pop,
xl5cg7,Ayam Pop,
we5nwp,Nasi Goreng,
rhhk7d,Ayam Goreng,
of1ki9,Nasi Goreng,
rp2hx6,Bakso,
tq629y,Ayam Pop,
ufcace,Ayam Goreng,
2hd1qr,Bakso,
bpd5rj,Rendang,
dkof45,Rendang,
ej5rof,Gado Gado,
8he9j8,Sate Padang,
mmqkwa,Rendang,
722inx,Bakso,
9abyf4,Ayam Betutu,
uz8iqs,Ayam Goreng,
zek702,Nasi Goreng,
e1p1x0,Rendang,
y9a9tn,Bakso,
jxpfgd,Sate Padang,
mbdlka,Sate Madura,
pci4oj,Ayam Goreng,
kgovqk,Gado Gado,
0jhqn6,Ayam Pop,
b2druv,Coto Makassar,
pd2liy,Ayam Goreng,
tar2sq,Rawon,
t5dzvj,Rendang,
9g2vvc,Sate Madura,
2a5vww,Bakso,
6rsul3,Ayam Goreng,
ixxpmh,Sate Madura,
v3wg7q,Sate Madura,
jw1dxz,Sate Madura,
vttgn3,Rendang,
grsft8,Bakso,
xqmewl,Bakso,
bqafeh,Coto Makassar,
yhpp0w,Rendang,
qldnyk,Bakso,
bjy7vx,Ayam Pop,
s0ltmv,Coto Makassar,
nu5joy,Bakso,
ju2boj,Gado Gado,
5ba669,Nasi Goreng,
b38wdq,Pempek,
0r69mn,Gudeg,
9gnbuk,Sate Padang,
fbh3gx,Sate Padang,
o4hkkr,Gudeg,
ld1dk4,Nasi Goreng,
5fp27u,Ayam Pop,
zr3lmm,Rawon,
jo34e4,Nasi Goreng,
audd7c,Ayam Pop,
087mu2,Ayam Goreng,
012nt0,Gado Gado,
rdr8ze,Sate Padang,
2grokf,Sate Madura,
bk0btq,Ayam Goreng,
r1qq4h,Bakso,
10qam6,Bakso,
1pgukw,Sate Padang,
eh2vix,Ayam Bakar,
lo8p7a,Bakso,
1ony3s,Sate Madura,
9k3y2g,Ayam Pop,
gey99r,Ayam Betutu,
rkxw0f,Bakso,
idvu3q,Ayam Pop,
m95dai,Sate Padang,
bkuecj,Sate Madura,
kwu3kt,Ayam Goreng,
47tdl8,Nasi Goreng,
ccedp2,Ayam Goreng,
6oxra8,Ayam Goreng,
6egtvx,Coto Makassar,
2ip0aa,Ayam Goreng,
1301op,Gado Gado,
co79sd,Sate Madura,
1t8fxm,Bakso,
kc0fqj,Ayam Bakar,
9mewwa,Gado Gado,
jisz5u,Gado Gado,
8q8kc3,Gudeg,
h76bnm,Bakso,
7tzm66,Sate Madura,
ye59oz,Pempek,
mmw3kn,Gudeg,
ylqw64,Ayam Goreng,
opbeax,Gado Gado,
7mnfrt,Sate Padang,
afwgja,Ayam Bakar,
yo19i3,Ayam Bakar,
0p8uzz,Rendang,
6qo7gf,Bakso,
hnnlb4,Sate Padang,
5iflf9,Sate Padang,
527xvc,Rendang,
clqr08,Bakso,
qycmkm,Gudeg,
ggjp25,Gado Gado,
zc32ka,Sate Madura,
mks9so,Ayam Bakar,
krnow2,Ayam Bakar,
1xfy6q,Gudeg,
s4pw00,Sate Padang,
nxm81r,Bakso,
l6rh6g,Ayam Goreng,
qpn3iv,Bakso,
0bdt1m,Ayam Pop,
i4yyry,Rendang,
ysr9ym,Gado Gado,
52jxyy,Ayam Pop,
dscxrt,Ayam Goreng,
y30bmc,Pempek,
2a0lwd,Bakso,
87tew2,Sate Padang,
lf1nfg,Bakso,
n1sqxp,Bakso,
njvqho,Coto Makassar,
ilfsf3,Gado Gado,
nthzrp,Rendang,
gbz6u6,Bakso,
sbo0me,Bakso,
ab3fto,Pempek,
kbiakn,Gado Gado,
7rz451,Ayam Goreng,
zhwh3x,Rendang,
6vx65b,Gado Gado,
n2vgo9,Bakso,
turo2l,Nasi Goreng,
60qxy2,Rawon,
6fg2an,Rawon,
zalkj2,Gado Gado,
mhxypc,Bakso,
38izbc,Bakso,
77niu1,Gudeg,
wf0cn5,Rendang,
qwpjoe,Coto Makassar,
91lz87,Gado Gado,
ug3jqa,Gado Gado,
gucpol,Rawon,
z5o4n2,Ayam Pop,
gcw7kj,Bakso,
5q1nxy,Ayam Bakar,
cv63o8,Gado Gado,
wu17ex,Ayam Goreng,
a7kryn,Sate Padang,
t6dgrp,Rendang,
7olccv,Coto Makassar,
xfud78,Gudeg,
qahg6b,Gudeg,
p571ek,Gado Gado,
h3q1xi,Bakso,
ng9gvj,Sate Madura,
ji8te0,Ayam Goreng,
fzoobc,Bakso,
qvqi8j,Ayam Goreng,
7g7u4m,Sate Padang,
xjeg9c,Rawon,
pcdf9f,Ayam Goreng,
h853rq,Bakso,
lhojpe,Ayam Bakar,
kozpc1,Ayam Goreng,
owhecb,Nasi Goreng,
cd9tn8,Bakso,
8yvmmg,Pempek,
rmpt9e,Rendang,
b69nm0,Sate Padang,
4v58i6,Bakso,
o9q6rx,Rawon,
fj5mpv,Ayam Pop,
5x3kn4,Bakso,
tojeid,Ayam Pop,
h9s06i,Ayam Goreng,
8madqw,Rendang,
w3wsz2,Ayam Goreng,
5bogwu,Pempek,
x5v72u,Ayam Pop,
2biqkn,Bakso,
n7jft2,Rendang,
9skpi5,Nasi Goreng,
treiw0,Rendang,
1z3b7c,Sate Padang,
f79sut,Gudeg,
5tg9kc,Ayam Goreng,
9gus7u,Ayam Pop,
ffeqjq,Rendang,
ggve3n,Coto Makassar,
lfd28s,Rendang,
2n5oku,Rendang,
380pkl,Ayam Pop,
30viw0,Coto Makassar,
6zdxr2,Ayam Goreng,
5hr6nm,Ayam Goreng,
o56pq1,Rendang,
k1fd12,Bakso,
0e6p6e,Bakso,
fbvyjb,Rendang,
xtfqm4,Sate Madura,
2j25wt,Nasi Goreng,
5ler5c,Gado Gado,
dpxdsb,Rendang,
7ukxq2,Ayam Goreng,
9zym6m,Ayam Goreng,
m3b2f8,Sate Padang,
pdnn6o,Bakso,
c8j0xd,Bakso,
q2he79,Ayam Goreng,
mvy3yq,Nasi Goreng,
jca1cz,Ayam Bakar,
0oau73,Nasi Goreng,
g2z654,Bakso,
5xch4m,Sate Padang,
gf95x5,Sate Madura,
tmrkvv,Ayam Goreng,
pi5k0w,Bakso,
g6lqm4,Sate Padang,
lhszcu,Bakso,
se0yeg,Ayam Pop,
04wkki,Bakso,
n41bgo,Rendang,
lrq7s3,Rendang,
hyefua,Bakso,
bkzz8c,Rendang,
82a4np,Ayam Goreng,
ap5mw1,Rendang,
j87zac,Ayam Goreng,
9xmnl0,Bakso,
a7lerl,Gado Gado,
xfzgkk,Ayam Goreng,
7n69qz,Soto,
z392g6,Bakso,
ujtpa4,Gudeg,
agdwir,Bakso,
9zpp92,Ayam Goreng,
ywawkh,Nasi Goreng,
7kcoze,Nasi Goreng,
gjnfbq,Ayam Pop,
keh195,Ayam Goreng,
kkxpap,Nasi Goreng,
dad54b,Sate Madura,
nu8uza,Rendang,
7e917c,Ayam Bakar,
f9rgnh,Ayam Bakar,
2jp8vm,Coto Makassar,
jfokso,Gudeg,
2ftejn,Bakso,
kgyr32,Ayam Goreng,
wofdp0,Rendang,
qi8uhd,Ayam Goreng,
sg0ey9,Gado Gado,
4uezsz,Ayam Goreng,
yoqw5u,Coto Makassar,
rmwqdc,Coto Makassar,
txf1mh,Gado Gado,
0ibmsg,Gudeg,
d5zhx2,Bakso,
hl41sp,Ayam Pop,
wen60k,Bakso,
uf4eqa,Nasi Goreng,
e2n8ip,Nasi Goreng,
877iag,Gado Gado,
ru0sl7,Ayam Goreng,
400eom,Sate Padang,
q6heuu,Bakso,
pm0yhj,Rendang,
k4fg4t,Sate Madura,
osx8h8,Nasi Goreng,
sajgfh,Ayam Bakar,
4bdo4i,Ayam Bakar,
l32vah,Ayam Bakar,
ak4swb,Sate Padang,
de92bu,Sate Madura,
ykqvkf,Gudeg,
spr1fa,Ayam Bakar,
jpoh5g,Nasi Goreng,
lll7ke,Ayam Goreng,
stmohb,Gado Gado,
tjco0u,Rendang,
jkt548,Nasi Goreng,
8iibhw,Rendang,
2l0oqf,Gudeg,
y9evk4,Sate Padang,
tvzrff,Rendang,
4qmp7x,Ayam Goreng,
wiytaw,Sate Padang,
6a95lp,Rendang,
y3v5ir,Bakso,
oyi6ji,Ayam Pop,
mtbsd6,Ayam Goreng,
z34eni,Ayam Bakar,
f0u9g6,Gado Gado,
jk32hr,Rawon,
crxaub,Nasi Goreng,
xavqmm,Soto,
7sdrcv,Rendang,
s3bdy6,Bakso,
0sy839,Rendang,
zk95wk,Gado Gado,
pno3m1,Nasi Goreng,
zy68ol,Gudeg,
tmm10m,Bakso,
tt5khn,Rawon,
tjzhe9,Ayam Goreng,
494rae,Ayam Pop,
13thql,Ayam Bakar,
ycdac0,Ayam Goreng,
d3ugxw,Rendang,
qe20dk,Ayam Pop,
5lhd95,Sate Padang,
cssxrl,Rendang,
7dqu17,Gudeg,
6j5anw,Gado Gado,
s5xk6l,Ayam Goreng,
75gld7,Rawon,
1p0r1v,Sate Padang,
a7ovsa,Bakso,
0rtagv,Bakso,
topd8i,Sate Padang,
xfmubl,Ayam Goreng,
1bw7fs,Rendang,
9soa8h,Gado Gado,
eltuj7,Sate Padang,
j0u8oz,Nasi Goreng,
4voy9c,Sate Padang,
aj88ik,Nasi Goreng,
uied1p,Rendang,
2d7yh8,Sate Padang,
nvfmij,Rendang,
0aiagz,Nasi Goreng,
hr0mp5,Rawon,
eot67l,Rendang,
x9zcob,Ayam Goreng,
xaibrr,Rawon,
cvq1fc,Sate Padang,
aumube,Ayam Goreng,
fyenxa,Rendang,
onctf9,Rendang,
9hpq1q,Rendang,
6tu7qi,Bakso,
nyj22n,Ayam Pop,
2hnovf,Ayam Goreng,
0nadol,Nasi Goreng,
wqw8w1,Sate Padang,
wgnpok,Gudeg,
d5tajx,Ayam Goreng,
sz8km9,Ayam Pop,
n7t6ib,Gado Gado,
rrb7ru,Ayam Goreng,
jc73p9,Sate Madura,
3zae8p,Bakso,
ge48g1,Ayam Goreng,
ygu7z3,Ayam Goreng,
wq6owk,Gado Gado,
sk98sc,Ayam Goreng,
2fbhm3,Ayam Goreng,
p35zbl,Rendang,
ljee0i,Rawon,
785lti,Sate Padang,
0ctsf1,Nasi Goreng,
sm51kh,Gado Gado,
2ddkc4,Sate Padang,
u1os5m,Rendang,
bvtrvj,Rendang,
5bsfov,Nasi Goreng,
c4lzqk,Gado Gado,
2g9yhj,Rendang,
y1a3e1,Nasi Goreng,
lmamm0,Sate Madura,
m7q163,Nasi Goreng,
8k02q0,Ayam Bakar,
wsbqjw,Ayam Pop,
nepkej,Sate Madura,
0a4zbm,Bakso,
c0pvd3,Sate Madura,
ugi0mt,Gudeg,
4m2hxo,Rendang,
iqegtz,Ayam Goreng,
gixeid,Ayam Goreng,
9g638f,Gado Gado,
8u95qq,Sate Padang,
xneomh,Sate Madura,
j2df65,Bakso,
l4op8i,Pempek,
h939co,Ayam Pop,
0vtmxb,Nasi Goreng,
j0s559,Ayam Goreng,
gefka4,Sate Madura,
usn8h9,Gudeg,
ee72g9,Ayam Goreng,
kka1n2,Gudeg,
6itr8t,Bakso,
s58hn5,Sate Madura,
fap508,Bakso,
atk81c,Gado Gado,
i16ico,Rendang,
ma30j3,Ayam Goreng,
j7ol8u,Ayam Pop,
136ib1,Ayam Pop,
0jbk8n,Rendang,
t5r684,Bakso,
thjkln,Gado Gado,
zlk3su,Bakso,
4h9dnd,Sate Madura,
cpf4jk,Sate Padang,
wkvg39,Rendang,
3o1nww,Ayam Bakar,
5p64zy,Gado Gado,
3gnz9l,Rendang,
ddhlwg,Sate Padang,
anwdgw,Rendang,
excqh1,Ayam Goreng,
fsui63,Bakso,
6zz5zm,Sate Padang,
q1o13g,Ayam Goreng,
s8hqj1,Sate Padang,
uob1da,Ayam Bakar,
wpn7xi,Ayam Pop,
c07m81,Coto Makassar,
q7xwsv,Bakso,
ecs485,Bakso,
luuqt4,Pempek,
fsawiq,Nasi Goreng,
wu33a3,Rendang,
rrawe7,Nasi Goreng,
sgotnl,Rendang,
ybcral,Ayam Pop,
j736gc,Nasi Goreng,
ha0cls,Nasi Goreng,
gbzw5z,Ayam Goreng,
wiqd9z,Sate Padang,
444vd8,Bakso,
m5jctj,Ayam Goreng,
onzc4k,Nasi Goreng,
p0vlh8,Ayam Goreng,
1bwc43,Bakso,
3y3tov,Coto Makassar,
ywx5mg,Ayam Pop,
esytc2,Nasi Goreng,
exz122,Gudeg,
m3trfn,Ayam Goreng,
wvgrfw,Bakso,
oaaxob,Sate Padang,
k702g9,Ayam Goreng,
ygksoc,Ayam Goreng,
sfkfcs,Rendang,
ytcwjz,Ayam Pop,
jf843e,Gado Gado,
79r3t1,Ayam Goreng,
xdeqr5,Nasi Goreng,
2vliry,Ayam Pop,
aev112,Rendang,
bic5xq,Sate Madura,
ohumq0,Sate Madura,
h7hmo8,Rendang,
0k3ddz,Gudeg,
xnx229,Pempek,
am39l3,Ayam Goreng,
m5fd1r,Sate Madura,
ms49k5,Nasi Goreng,
vwrsky,Gudeg,
ffxstn,Bakso,
djwa74,Coto Makassar,
zax7cb,Bakso,
ce9q4z,Gudeg,
3ltame,Sate Padang,
pife5u,Rendang,
9oxblm,Gudeg,
v4rd87,Ayam Pop,
tvq3bw,Bakso,
ewq6nk,Ayam Goreng,
xtclkb,Ayam Bakar,
szeng3,Bakso,
n5cf21,Bakso,
cfscf8,Bakso,
txxreu,Sate Padang,
kerk61,Bakso,
1g8f79,Sate Madura,
ex00an,Gudeg,
mhmgqe,Gado Gado,
0er077,Bakso,
pxb07i,Ayam Goreng,
k3x2jm,Bakso,
0d87ub,Sate Padang,
9sllp2,Gado Gado,
8g9iwk,Bakso,
66bw4a,Ayam Goreng,
r8eyne,Sate Padang,
0xgguz,Bakso,
6dfitv,Ayam Bakar,
su1vob,Bakso,
ph3js0,Sate Madura,
s189lz,Ayam Goreng,
k0kqf4,Ayam Pop,
jov47k,Ayam Goreng,
jx6nqk,Rendang,
wlbsvr,Rendang,
7wbgx1,Gudeg,
t0f69w,Gudeg,
zgp5q9,Ayam Goreng,
8nexiw,Gado Gado,
p4rahw,Rendang,
0slbja,Ayam Pop,
w685il,Sate Madura,
g0te4k,Sate Padang,
6nivh0,Ayam Bakar,
keujk5,Gado Gado,
sjy1ph,Bakso,
jk9pnm,Bakso,
5gxly2,Sate Padang,
jz2aky,Gudeg,
fmdui9,Bakso,
42zudd,Rendang,
9kcpb2,Bakso,
a1p7qr,Nasi Goreng,
5yfmgb,Soto,
os4gp2,Nasi Goreng,
ztqgfl,Bakso,
hseb9k,Pempek,
2jynpg,Rendang,
4m3fmq,Rendang,
ong3u0,Gudeg,
2ms94q,Rendang,
36pc3x,Gudeg,
dyu90m,Rendang,
og0ij5,Ayam Goreng,
2rx5vj,Ayam Goreng,
bxpwnk,Rendang,
mwfwoa,Gudeg,
1ctqdp,Sate Madura,
sbz2ux,Gudeg,
rxjuqb,Sate Madura,
z7a810,Sate Padang,
xmm1oh,Bakso,
06xfo2,Ayam Goreng,
biajme,Pempek,
07nmzv,Nasi Goreng,
bpxalf,Ayam Bakar,
i9jeki,Ayam Pop,
wn09k1,Rendang,
dduzfl,Nasi Goreng,
hqao33,Sate Madura,
dr0xbr,Gado Gado,
8iv1oa,Sate Padang,
yyahxx,Bakso,
fvzbji,Sate Padang,
l70jto,Gado Gado,
6na1ui,Ayam Bakar,
8hqek7,Sate Madura,
2dvtps,Gudeg,
hc9r6i,Ayam Goreng,
b6omka,Nasi Goreng,
2p2gpw,Sate Madura,
87f844,Sate Padang,
dypqzu,Bakso,
da9ivw,Sate Padang,
z57gsw,Sate Padang,
cbcwhc,Ayam Goreng,
rpokbb,Ayam Pop,
1xuh5a,Bakso,
hmuhyl,Gudeg,
njkxhi,Rendang,
0kvo4y,Rendang,
baph1f,Nasi Goreng,
mp2m8m,Rendang,
5wjvzy,Sate Padang,
pvottu,Bakso,
3lzn8m,Nasi Goreng,
r0r9z7,Nasi Goreng,
0l3ybk,Gudeg,
e405nb,Ayam Pop,
7llog3,Gado Gado,
mc8q8a,Rendang,
kezh96,Sate Madura,
mn734i,Ayam Goreng,
4bppkr,Gado Gado,
osjvxg,Ayam Pop,
buu0gt,Bakso,
d6eplm,Ayam Goreng,
vd7urd,Ayam Goreng,
a93kdr,Gudeg,
3bo75p,Nasi Goreng,
p6xgjy,Sate Padang,
85mxca,Gudeg,
3lncjz,Ayam Bakar,
djb23e,Rendang,
uyn41t,Ayam Goreng,
tn7966,Sate Padang,
5eoqjp,Gado Gado,
0zgpdj,Ayam Goreng,
yd6xu9,Gado Gado,
l99o0v,Sate Madura,
j6fqz5,Bakso,
g0yvy8,Gudeg,
yww2im,Rendang,
bswz3m,Bakso,
5labi1,Gudeg,
1ymbig,Bakso,
6rga4r,Rawon,
xdupb7,Bakso,
b7wjp4,Ayam Goreng,
f3o46x,Rawon,
9zqtlv,Gado Gado,
ebzr2j,Rendang,
rpoo7q,Bakso,
1n7l8b,Ayam Pop,
7vn2w7,Rendang,
tqfrod,Sate Padang,
e4b86t,Rendang,
8b9vhu,Sate Madura,
i5qxxz,Nasi Goreng,
8q31r5,Rendang,
7eijsj,Coto Makassar,
q3ik9j,Sate Padang,
s3aw39,Sate Padang,
6zw8ko,Sate Madura,
3vjbfd,Pempek,
eiikxa,Gado Gado,
pnnhd9,Bakso,
i79jjl,Nasi Goreng,
tfofxk,Sate Padang,
mex70x,Ayam Goreng,
g0bxc1,Ayam Goreng,
ohu1vx,Rendang,
rwdu7v,Ayam Goreng,
9xwtq3,Sate Padang,
nux9yi,Pempek,
x7o8gi,Sate Madura,
xnrkbh,Bakso,
k90kew,Ayam Goreng,
28qsfj,Bakso,
lnzry3,Rawon,
ih3fs5,Bakso,
6plsyp,Rendang,
dxze9a,Ayam Pop,
ilmuxl,Gudeg,
o2l1hx,Ayam Goreng,
c1qcw5,Ayam Goreng,
vqhpk5,Ayam Bakar,
8c1edu,Sate Madura,
pa75xq,Rendang,
mxav50,Bakso,
75jllm,Bakso,
ezs356,Ayam Goreng,
b7z0dj,Rendang,
la7rek,Ayam Bakar,
g68xi9,Bakso,
pa5702,Bakso,
dchpo0,Ayam Pop,
1suq8c,Rendang,
uxfwl3,Rendang,
qmn49q,Nasi Goreng,
ovpl0r,Gudeg,
kdsq8h,Ayam Bakar,
k3or2v,Bakso,
r1dwjr,Rendang,
oty1q8,Rawon,
hn51vf,Pempek,
5d3t0q,Rendang,
vts83l,Rendang,
rzwwbu,Ayam Bakar,
uhqvey,Ayam Goreng,
wd2tj9,Ayam Bakar,
6zn9lr,Rendang,
alil6r,Ayam Goreng,
iu78n2,Nasi Goreng,
xkj4rb,Ayam Goreng,
zoscsh,Gudeg,
f5m8rs,Ayam Goreng,
3raki2,Ayam Goreng,
qxh0hk,Sate Padang,
xpe3i6,Rendang,
7g7a4h,Sate Madura,
tl1iat,Ayam Bakar,
4mi80o,Ayam Bakar,
0nbcxo,Rawon,
r1gltt,Soto,
gyrbl2,Bakso,
susolk,Ayam Goreng,
s1lm3i,Ayam Goreng,
s644hm,Sate Padang,
hhc5gr,Nasi Goreng,
bbvesz,Sate Padang,
2w2xuw,Rendang,
9b2y4u,Bakso,
9nvwlr,Bakso,
l8ljqy,Nasi Goreng,
m5nxhl,Pempek,
4mc4wr,Gado Gado,
5ovatx,Ayam Goreng,
aj5i65,Ayam Goreng,
njccmq,Ayam Pop,
20k62m,Ayam Goreng,
e70whs,Gudeg,
1qi1zp,Bakso,
q2hx0m,Bakso,
y46adv,Nasi Goreng,
pguzsc,Sate Madura,
6u4frh,Ayam Goreng,
w2fhh8,Ayam Goreng,
f45pum,Rendang,
rjrz9j,Bakso,
i3ew06,Nasi Goreng,
sz64pn,Ayam Bakar,
jyvidr,Sate Padang,
zp64up,Sate Padang,
7ku8dd,Sate Padang,
jdtomx,Bakso,
38x8l5,Sate Padang,
dasa7o,Coto Makassar,
0wgus8,Rawon,
g52zkp,Bakso,
q8osm8,Ayam Goreng,
qdvgk3,Rendang,
yr26l7,Gudeg,
w9i2te,Bakso,
o7ulsa,Ayam Goreng,
gpu9gg,Ayam Pop,
mmcezb,Sate Padang,
3jyvgp,Gado Gado,
l0wjp0,Sate Madura,
l8yskk,Rendang,
f7tgq2,Nasi Goreng,
1gt7al,Bakso,
awk5vf,Gado Gado,
vus3uk,Gudeg,
q2ynmb,Ayam Goreng,
ohg23q,Rendang,
4lmvf8,Bakso,
nhkjs8,Nasi Goreng,
30wdkz,Ayam Goreng,
2e7igv,Nasi Goreng,
e1dzyd,Gado Gado,
g84il0,Nasi Goreng,
21q7ci,Gado Gado,
eesc7w,Pempek,
hnx1yu,Ayam Goreng,
y9fc2e,Gado Gado,
b0bo3t,Sate Padang,
ezq2hn,Pempek,
mwcqyz,Sate Madura,
zggq0o,Sate Madura,
1zfqsc,Ayam Goreng,
kop9wo,Sate Madura,
gjjgst,Gado Gado,
36xre1,Bakso,
rnc4cr,Bakso,
0g13wo,Ayam Bakar,
atp3py,Sate Madura,
2vopjg,Sate Padang,
00ae48,Bakso,
jlform,Ayam Goreng,
kykkwi,Ayam Goreng,
yilo7w,Sate Padang,
4izt8f,Ayam Betutu,
rjz343,Sate Madura,
pxivt4,Bakso,
gbphj9,Gado Gado,
ihmt2r,Bakso,
o0jv9o,Sate Padang,
7k11q0,Ayam Pop,
004v2b,Ayam Goreng,
epf71s,Gudeg,
nnch5y,Sate Madura,
179bfc,Rendang,
pr640m,Rendang,
y2wlt3,Ayam Pop,
0axw50,Ayam Goreng,
5tnyre,Gado Gado,
hwr877,Ayam Goreng,
135w5u,Bakso,
dcv2lt,Bakso,
hok0yi,Ayam Pop,
1f6ix1,Rendang,
xue1gi,Ayam Bakar,
okxztf,Rendang,
v9evlk,Bakso,
t2aywt,Sate Padang,
vrzcpc,Gado Gado,
vqih6y,Ayam Bakar,
vnwdsz,Gudeg,
vqrbrp,Rendang,
a8yqk6,Bakso,
frw7sk,Soto,
qy7mt9,Bakso,
a8ol0q,Rawon,
2bohv6,Nasi Goreng,
q4czpg,Ayam Pop,
tt52t6,Nasi Goreng,
001g4d,Bakso,
lpbmcl,Bakso,
ld19v4,Rendang,
lyfvqo,Rendang,
xqgsi3,Bakso,
qiv4ht,Ayam Bakar,
8lvm3b,Sate Madura,
xjg0kl,Gado Gado,
emdrz5,Rendang,
xbpdpo,Gado Gado,
3srpr1,Nasi Goreng,
0j7jd9,Bakso,
4bcmlx,Gado Gado,
xynnlk,Ayam Pop,
weh2j9,Ayam Pop,
zp5smb,Rendang,
uvf9mq,Sate Padang,
wzr8a5,Ayam Bakar,
4hcz0c,Ayam Bakar,
6ndmm0,Sate Padang,
u5ie55,Sate Padang,
ay3axz,Sate Madura,
uk1gqs,Bakso,
eswhow,Gado Gado,
bq2r49,Bakso,
wkjxto,Ayam Goreng,
3r7m47,Rendang,
5mq1y2,Bakso,
pmm0d2,Nasi Goreng,
mer6lb,Rendang,
qxl7rz,Nasi Goreng,
lk4hbi,Rendang,
ii8a0f,Sate Padang,
gux5jr,Sate Madura,
yn0078,Ayam Goreng,
mlyae6,Bakso,
tzgp15,Bakso,
5vzybj,Bakso,
07t1c1,Ayam Pop,
qp5kic,Ayam Goreng,
z0pol6,Ayam Goreng,
9rm2el,Ayam Pop,
zj0sby,Sate Padang,
0ozpbd,Sate Padang,
g633l9,Sate Padang,
83xggy,Sate Madura,
ysixcg,Sate Padang,
zugb4c,Bakso,
ubqfj1,Rendang,
po11lh,Ayam Goreng,
j8s1w2,Gudeg,
hli474,Bakso,
rt66b4,Nasi Goreng,
gxvdph,Ayam Bakar,
x8sqt6,Ayam Bakar,
hgxa7p,Ayam Goreng,
p2lvx4,Bakso,
jjpnj8,Gudeg,
xye2w9,Bakso,
mbfp9s,Nasi Goreng,
lepfxi,Gado Gado,
7hkhdt,Nasi Goreng,
knoqa8,Ayam Pop,
62uo1o,Sate Madura,
19m2f9,Ayam Goreng,
81qb34,Sate Madura,
pyhd89,Nasi Goreng,
93cjih,Rawon,
55tjw4,Sate Madura,
z0es0r,Ayam Goreng,
a5l3y9,Rendang,
79y72v,Bakso,
g11igo,Rendang,
ibrkb0,Rawon,
2guc2p,Gado Gado,
eakbnv,Bakso,
76auu2,Nasi Goreng,
rgeo00,Bakso,
0oymc8,Sate Madura,
84ummu,Nasi Goreng,
t3xubf,Rendang,
hmyth1,Ayam Goreng,
ext5gs,Ayam Bakar,
1qrndk,Nasi Goreng,
b81h65,Ayam Goreng,
gjide2,Ayam Goreng,
8gla24,Sate Madura,
97b33l,Rendang,
x2ngtm,Rendang,
y2sh2e,Nasi Goreng,
2h2jjv,Ayam Betutu,
4yc5rk,Gado Gado,
117b96,Ayam Goreng,
o8hr7y,Rendang,
kcdjij,Ayam Goreng,
pe9a1w,Rendang,
06b0j5,Gado Gado,
prxi0r,Nasi Goreng,
20ffzb,Rendang,
ob1y2x,Sate Padang,
ndogz5,Ayam Goreng,
jhf05m,Ayam Goreng,
7nfqer,Nasi Goreng,
dnow2h,Sate Padang,
q9oeci,Gado Gado,
f4zv1q,Ayam Goreng,
qy6ueu,Gudeg,
sfdgq3,Sate Madura,
hq2gho,Nasi Goreng,
2g6n5d,Ayam Goreng,
xv1tor,Sate Padang,
a2lmsa,Sate Padang,
ng8h5b,Nasi Goreng,
rqkau3,Ayam Goreng,
qbklp0,Ayam Goreng,
3w93oc,Ayam Bakar,
tklbvc,Rendang,
zu6mt2,Gudeg,
hkkejr,Bakso,
63uxrs,Rendang,
sx8sh7,Rendang,
17zxr8,Sate Madura,
89wnir,Coto Makassar,
xaube7,Nasi Goreng,
wcswnx,Ayam Goreng,
bc7ots,Sate Padang,
g9qsqo,Ayam Goreng,
zomuwl,Gado Gado,
9az0y0,Rendang,
ae3v49,Ayam Goreng,
iqonfz,Nasi Goreng,
p83j6k,Ayam Bakar,
g09d0s,Nasi Goreng,
d72x4i,Bakso,
uoqedk,Rendang,
w6yn02,Ayam Goreng,
q5z2n0,Bakso,
ke197b,Bakso,
xlhhl3,Nasi Goreng,
d2iwms,Nasi Goreng,
z6eglr,Bakso,
3at5qv,Gudeg,
bl1juu,Gudeg,
38oxep,Gudeg,
gjrko1,Rawon,
ufglxq,Sate Madura,
0qkggm,Ayam Pop,
g3qflx,Ayam Bakar,
e1o2a7,Ayam Pop,
n04v5n,Rendang,
02nf1z,Sate Padang,
z60vs6,Ayam Goreng,
hmpxcu,Ayam Goreng,
8s1rqi,Rendang,
kgbbwr,Ayam Pop,
43t7pm,Ayam Pop,
9yqzcn,Gudeg,
xtw1n2,Rendang,
s3t77k,Rendang,
pltgqe,Bakso,
w79vgp,Rendang,
o2bhaz,Rawon,
qzt0ci,Rendang,
jeqyd8,Rendang,
54u0wa,Sate Madura,
04gh8d,Ayam Bakar,
txshvr,Bakso,
zt93li,Ayam Pop,
mnpqrj,Ayam Pop,
umk7ic,Gudeg,
aorivj,Sate Padang,
l746b4,Rendang,
bpd66v,Gudeg,
xr4jic,Ayam Bakar,
igu0u8,Gado Gado,
opyu8f,Rendang,
nut3om,Sate Madura,
xoxixo,Bakso,
chz63d,Rendang,
mwxl3o,Sate Madura,
153xqk,Ayam Pop,
a3tv9u,Rendang,
je3185,Bakso,
z4amw4,Ayam Pop,
dxnggs,Sate Padang,
n8a0id,Sate Padang,
7yl6kx,Bakso,
u0uiw6,Rendang,
v44udr,Rendang,
q3nugw,Bakso,
oou5up,Ayam Pop,
cipt8i,Ayam Goreng,
oghxsh,Rawon,
230e1n,Rendang,
9v5s8e,Sate Padang,
pllytw,Sate Padang,
27lwoj,Pempek,
5khb3z,Nasi Goreng,
fpcf9d,Ayam Pop,
zoyrp3,Bakso,
tt3j83,Bakso,
en15fa,Pempek,
ew9sa0,Coto Makassar,
cvdw61,Nasi Goreng,
b8rcae,Ayam Bakar,
g6fhku,Nasi Goreng,
vkg965,Sate Padang,
tcwizd,Ayam Goreng,
3chcju,Bakso,
jen4jj,Sate Padang,
gasezs,Bakso,
mkquio,Ayam Goreng,
ago1ly,Bakso,
3pm1a5,Rendang,
7jjxx4,Rendang,
6f5j2k,Gado Gado,
1et4rw,Nasi Goreng,
5596vl,Rendang,
nhz44j,Bakso,
vwz0aj,Bakso,
zh62q5,Rawon,
7fnhtp,Sate Madura,
8vli8c,Bakso,
rpw8on,Bakso,
11z4yt,Nasi Goreng,
4dgsx4,Ayam Goreng,
moo8sv,Sate Padang,
t39wru,Ayam Goreng,
8yaeqw,Nasi Goreng,
ac6bsk,Gudeg,
8c0v4w,Bakso,
d39ayl,Coto Makassar,
7z4jx1,Sate Madura,
epek9v,Rendang,
r6jzl8,Nasi Goreng,
a53wnp,Rendang,
gyb85p,Nasi Goreng,
vn00re,Nasi Goreng,
zfl63c,Ayam Bakar,
3ggwhd,Ayam Goreng,
w1gfy0,Rendang,
fapggn,Gado Gado,
bjdzz8,Ayam Betutu,
3sxn2q,Ayam Goreng,
kb3wse,Gudeg,
cdtbje,Sate Madura,
j0yqcb,Pempek,
3p69fx,Ayam Goreng,
6q4zel,Rendang,
gltm2j,Gado Gado,
8ck71p,Gudeg,
irhvbk,Gudeg,
2ap4sa,Ayam Goreng,
7cl1or,Gado Gado,
5ykmuv,Gudeg,
nfhadp,Ayam Pop,
d439fy,Nasi Goreng,
fn1rs6,Sate Madura,
7mrby1,Pempek,
py8rv7,Bakso,
b2qv5l,Ayam Goreng,
92qy0t,Bakso,
uz8vpn,Bakso,
cb3je6,Bakso,
jn4oay,Rendang,
rkvpjw,Bakso,
u01kzq,Bakso,
wnn2ju,Gado Gado,
sblcdr,Ayam Goreng,
kz5axf,Bakso,
51ni0s,Rendang,
rsz8u5,Gado Gado,
yceb9y,Ayam Bakar,
wed9f5,Gudeg,
uhht2s,Rendang,
ul5uhq,Nasi Goreng,
1voy92,Ayam Goreng,
g3n1jj,Rendang,
z0zp5a,Rendang,
v96udo,Rendang,
gvpy3z,Gado Gado,
5n6k0n,Bakso,
auc78d,Rendang,
l0lyfp,Nasi Goreng,
6wxc2q,Rendang,
ke5qc7,Rawon,
tcr1la,Rawon,
k2wuv0,Bakso,
qtkatx,Pempek,
v5wl4n,Sate Padang,
ycxjkl,Nasi Goreng,
iwnou7,Sate Madura,
qg00qe,Rendang,
xga5ys,Coto Makassar,
1ws386,Rendang,
sg89j0,Bakso,
ocmy6r,Ayam Goreng,
mxivqa,Sate Padang,
8wcytl,Gudeg,
3gcg6d,Ayam Goreng,
4anzvh,Ayam Goreng,
7wk3r3,Ayam Bakar,
atro3c,Rendang,
yfmfb4,Gado Gado,
izff1v,Nasi Goreng,
rd4nd0,Ayam Goreng,
09iyo8,Coto Makassar,
d0xjzp,Nasi Goreng,
bcyieq,Rendang,
clmjhx,Nasi Goreng,
16zfgf,Gado Gado,
bnlrt9,Ayam Bakar,
06ep5v,Bakso,
kpmyfy,Rendang,
x80v6n,Ayam Goreng,
wxktzy,Ayam Goreng,
wpi927,Nasi Goreng,
fnfe6h,Ayam Goreng,
e0xa8d,Sate Padang,
behbeo,Sate Madura,
793ro9,Gado Gado,
uubpy3,Bakso,
rk8abj,Nasi Goreng,
fpz1h9,Ayam Goreng,
muh30p,Sate Padang,
m8n6p7,Gudeg,
5uk2ca,Rawon,
urxuyp,Rendang,
c7k9or,Sate Madura,
zv9y7b,Ayam Goreng,
1o5u2z,Gudeg,
4gqnmk,Rawon,
da3v6g,Rendang,
chy0mb,Gado Gado,
5gsu6i,Nasi Goreng,
17gtch,Gudeg,
rh2b5v,Ayam Goreng,
g1kauu,Sate Padang,
6kread,Gado Gado,
aot3wu,Rendang,
k1j65b,Rawon,
4v8wed,Ayam Bakar,
cet7sx,Sate Padang,
zw2g9t,Nasi Goreng,
sjd78u,Soto,
j50alh,Soto,
c050k4,Bakso,
ypg62x,Bakso,
rph4qu,Gado Gado,
y36qq9,Gudeg,
uxl04w,Ayam Goreng,
7c6dh2,Ayam Goreng,
01lj7r,Bakso,
isxxwg,Rendang,
817utq,Sate Padang,
vzk5vm,Bakso,
hkn635,Bakso,
hl5s04,Nasi Goreng,
rtj060,Nasi Goreng,
1k7o2w,Ayam Goreng,
v4rwdl,Bakso,
aqvc04,Rendang,
2q15w9,Ayam Goreng,
uie2br,Rendang,
0dmw2s,Ayam Goreng,
xuaenb,Rendang,
q1unil,Sate Madura,
iom5c8,Sate Padang,
t4upch,Sate Padang,
2mk7f1,Bakso,
kezilx,Bakso,
upblhd,Rendang,
i8ykv9,Rendang,
tv0eau,Ayam Goreng,
812brw,Ayam Goreng,
2xo2wz,Ayam Betutu,
cdq1te,Bakso,
gm1fsv,Ayam Pop,
n37u36,Sate Padang,
7u3w1j,Bakso,
2ie0h8,Bakso,
5xdo76,Nasi Goreng,
yex59h,Rendang,
5v1i3a,Pempek,
lyzp3r,Bakso,
f8e7h6,Sate Padang,
ja4htw,Rendang,
t1oonj,Rendang,
cbu3rx,Sate Padang,
mqgd78,Rendang,
4ezkeo,Nasi Goreng,
6j3hip,Nasi Goreng,
uj9xjg,Ayam Pop,
ov7pvs,Nasi Goreng,
56xhn2,Bakso,
qsdp6k,Nasi Goreng,
7f1r3g,Gudeg,
ii3wdd,Bakso,
wqrcbn,Bakso,
xslrlc,Bakso,
eaks98,Ayam Goreng,
z1v1f8,Ayam Bakar,
d9m3iz,Ayam Pop,
ps5071,Rawon,
3qvw04,Bakso,
h8gns3,Coto Makassar,
5h7d7w,Sate Madura,
t1ozek,Rendang,
meepwx,Pempek,
ks4wi8,Pempek,
sst6ux,Rendang,
oy9zsg,Ayam Pop,
morqij,Gado Gado,
3811or,Bakso,
zqzp9v,Ayam Goreng,
5bjuxb,Gado Gado,
pufeca,Ayam Goreng,
dlt2qa,Bakso,
r0vnot,Bakso,
9lmqw0,Ayam Goreng,
rw9m0c,Rendang,
6likum,Ayam Pop,
pvb1yh,Gado Gado,
vg2ghy,Gado Gado,
p346c6,Ayam Goreng,
4398i3,Bakso,
o5x4ss,Sate Madura,
yxwli2,Bakso,
dsxbqh,Rendang,
7774w8,Sate Madura,
ghrvsx,Ayam Goreng,
jik1vp,Gudeg,
gds7mm,Bakso,
05dnk4,Ayam Betutu,
s6v0d4,Gudeg,
ti4776,Sate Padang,
3mj09q,Nasi Goreng,
dma4tk,Ayam Goreng,
gf8ws5,Gudeg,
lgqz67,Gado Gado,
ihhda9,Bakso,
3kx7k0,Bakso,
ovqh9m,Nasi Goreng,
hkpad9,Rendang,
rq6lxm,Bakso,
bgjeew,Ayam Goreng,
p1uk7c,Rawon,
cbj358,Sate Padang,
b13dqn,Bakso,
usvpth,Nasi Goreng,
9io0ro,Ayam Goreng,
q4x5j0,Ayam Bakar,
01z4rf,Ayam Goreng,
30f84k,Ayam Goreng,
y13sh9,Rendang,
nph7w2,Bakso,
57dwim,Ayam Goreng,
k30bk4,Ayam Goreng,
pi1k7r,Bakso,
spqid4,Bakso,
s6rr88,Ayam Goreng,
31bh5d,Ayam Pop,
d44cjy,Sate Padang,
su8rbx,Gudeg,
dpd7ak,Coto Makassar,
2oakpq,Rawon,
mpmcb8,Ayam Goreng,
s3ngcp,Ayam Bakar,
yooryp,Nasi Goreng,
8ml0wx,Ayam Goreng,
hb1jmg,Rendang,
zinra3,Nasi Goreng,
n40lff,Coto Makassar,
6a9y6n,Nasi Goreng,
44locs,Ayam Pop,
kan9f6,Ayam Bakar,
zd3s5t,Bakso,
6xp92x,Ayam Goreng,
k2f9oi,Nasi Goreng,
n1wh74,Sate Madura,
xhmvm6,Ayam Goreng,
7bwskb,Gudeg,
r75l74,Ayam Betutu,
rdkr2l,Rendang,
9jyxcw,Ayam Bakar,
gikvtt,Pempek,
9o6h41,Bakso,
pionwo,Coto Makassar,
g9746o,Sate Madura,
jng051,Rendang,
j1lm2k,Bakso,
tf9ajs,Sate Madura,
62o2ez,Rendang,
r6vx4r,Rendang,
9kash2,Ayam Goreng,
9ds07c,Gudeg,
3sz5el,Nasi Goreng,
fodm0z,Ayam Goreng,
fvdapk,Ayam Goreng,
tcxi7j,Nasi Goreng,
rvwxbf,Ayam Goreng,
z9nnkd,Bakso,
ckr7nw,Bakso,
b2zca4,Sate Padang,
e0umbp,Bakso,
du7zfb,Sate Padang,
bzwol6,Rendang,
2zrnun,Nasi Goreng,
6iskow,Ayam Pop,
dvb4y0,Nasi Goreng,
qbja2a,Bakso,
ung7c3,Pempek,
fwa9u1,Ayam Goreng,
klsbr1,Rawon,
ks9ar1,Bakso,
p8cdm1,Rendang,
997h7t,Ayam Goreng,
p8hgrm,Ayam Pop,
w8e2dj,Bakso,
7mdiag,Rawon,
enw725,Sate Madura,
z7ardi,Nasi Goreng,
kz345g,Ayam Goreng,
6p895m,Sate Padang,
opammq,Gudeg,
o2wsum,Nasi Goreng,
zm0yge,Bakso,
93fxw3,Gudeg,
rqkejh,Sate Madura,
kexdae,Rendang,
5tpumy,Sate Padang,
5r5gxv,Rendang,
nustdy,Ayam Goreng,
5l4l6t,Sate Padang,
wx2c89,Ayam Goreng,
otwztq,Nasi Goreng,
gyinv4,Bakso,
3cjbx3,Ayam Pop,
slqbnd,Sate Padang,
3l5whl,Gudeg,
1qclvt,Gado Gado,
4vy887,Rendang,
53ikqb,Rendang,
jz9jnc,Bakso,
bfdj2t,Sate Madura,
fhmzgi,Bakso,
s02r84,Nasi Goreng,
ea7cnt,Rendang,
qujnw0,Ayam Goreng,
mwxvf1,Gado Gado,
6z9t39,Sate Padang,
it0xeh,Sate Padang,
kv81tz,Nasi Goreng,
iycavo,Rawon,
amruvw,Gado Gado,
bnyf4s,Bakso,
6y9vho,Coto Makassar,
8tvqxj,Bakso,
c3mnr4,Bakso,
axnqbt,Ayam Goreng,
5d7isv,Sate Padang,
zw4a0b,Rendang,
frciq1,Nasi Goreng,
tgnsga,Sate Padang,
t5pmgq,Bakso,
7xf9pq,Gudeg,
tzbpdw,Gado Gado,
w9trff,Bakso,
6hfk2h,Sate Madura,
wudcoe,Ayam Bakar,
d8nxuv,Nasi Goreng,
kxm92z,Rendang,
921mhp,Ayam Bakar,
tunwkf,Gudeg,
7m3okb,Rendang,
x799ku,Rendang,
w42e05,Gudeg,
x7d25k,Ayam Pop,
d1o52b,Bakso,
1xwhsh,Gudeg,
l90ivd,Rendang,
kg9kbo,Sate Padang,
8uumu2,Ayam Goreng,
tmhguk,Rendang,
ownd6t,Rawon,
502bx2,Ayam Pop,
hqcopv,Sate Madura,
zxfjh8,Ayam Goreng,
knja7x,Bakso,
14a8jr,Bakso,
60b6u3,Ayam Goreng,
6nye2u,Gudeg,
mdfatf,Ayam Bakar,
sssql4,Rendang,
fkigwi,Ayam Bakar,
m24he7,Ayam Pop,
8kyeok,Bakso,
f570iy,Nasi Goreng,
r1wnqf,Nasi Goreng,
xtjn8t,Sate Madura,
f1xz51,Rawon,
q7tq7t,Ayam Pop,
uqyq4y,Gado Gado,
5fzw73,Rawon,
y02r2j,Sate Madura,
kstjbx,Bakso,
wf98zo,Gudeg,
jr53v6,Bakso,
eislq1,Bakso,
bcm6bq,Ayam Goreng,
l0mtmq,Bakso,
d18okt,Rendang,
ndq4ba,Bakso,
bf7zja,Bakso,
rk7v9j,Pempek,
aoxplf,Nasi Goreng,
3egabj,Nasi Goreng,
zowgcj,Coto Makassar,
29lzzs,Bakso,
eovqac,Gudeg,
opewyx,Bakso,
uf6h88,Bakso,
dya4ix,Rendang,
s1oiy6,Bakso,
e1qkgb,Sate Padang,
kch73m,Gudeg,
bps3ft,Gudeg,
cyy41n,Sate Madura,
99djb5,Pempek,
jirkin,Rendang,
zmy4nx,Sate Padang,
gj7sxx,Coto Makassar,
mnm7xy,Sate Padang,
9yrhbv,Ayam Pop,
45rg2c,Rendang,
iox7yj,Soto,
xctf80,Ayam Goreng,
9u0eri,Rendang,
bluew8,Rendang,
t0dog1,Gudeg,
t8zszx,Ayam Goreng,
24iycn,Sate Padang,
0399t7,Ayam Goreng,
4ld2ul,Ayam Bakar,
wm4kpo,Sate Madura,
xq6ae8,Nasi Goreng,
sp7ajm,Bakso,
9uqg3y,Sate Madura,
1mdkwl,Gudeg,
46h00x,Ayam Pop,
jj77o2,Ayam Bakar,
rj3a3p,Bakso,
wx5iep,Ayam Bakar,
j2y7lq,Sate Padang,
i5u2l7,Ayam Goreng,
vgia4n,Bakso,
o66pb2,Nasi Goreng,
iog2c0,Ayam Goreng,
cc2pm4,Bakso,
5fgdte,Rendang,
2qop16,Sate Madura,
xkgods,Sate Madura,
zqoqr1,Bakso,
bn93er,Rendang,
l951id,Gado Gado,
unmoyj,Sate Madura,
ifc83g,Ayam Bakar,
nywmzq,Nasi Goreng,
fgfswn,Gudeg,
nw6y1a,Ayam Betutu,
o3cagd,Bakso,
b4cogt,Pempek,
19hszc,Ayam Bakar,
uzxt6h,Gado Gado,
41jrk2,Ayam Pop,
1i7hiq,Rendang,
g01hd6,Rendang,
7e3vg7,Gudeg,
t7pcyc,Rendang,
fp0as2,Sate Madura,
auv4bh,Ayam Goreng,
2ehd7i,Nasi Goreng,
3tkkso,Sate Padang,
dvlqtx,Bakso,
o1srs8,Rendang,
bqqp8x,Gudeg,
x7ttdh,Gado Gado,
5g6q1g,Nasi Goreng,
fqrnwa,Sate Padang,
7ncktp,Sate Madura,
b7q24b,Ayam Goreng,
6vhzqv,Gado Gado,
hnh9n8,Bakso,
1h42bt,Bakso,
o58819,Ayam Pop,
w3n6ox,Gudeg,
3z46l3,Ayam Pop,
42f6na,Gudeg,
e4asbd,Nasi Goreng,
bgjx54,Rendang,
wk46zj,Bakso,
03iysr,Sate Madura,
y3xb6d,Nasi Goreng,
wirnf2,Pempek,
jcror9,Bakso,
1gwxvv,Bakso,
h682ic,Bakso,
1y6nnl,Gudeg,
vctpq4,Gado Gado,
dbj0xj,Bakso,
vs0nfu,Rendang,
amkq0p,Ayam Pop,
i9oirk,Rendang,
2ardha,Sate Madura,
p7oep2,Ayam Goreng,
9l0xwv,Rendang,
a57i83,Ayam Pop,
wk453g,Nasi Goreng,
1tdkyf,Bakso,
la8igm,Rendang,
oani89,Gado Gado,
y7iwu2,Ayam Goreng,
wiww5c,Rendang,
v1okb9,Ayam Pop,
9flzo8,Ayam Bakar,
ycir11,Ayam Goreng,
0hb7uh,Nasi Goreng,
qbp37w,Ayam Goreng,
6wognn,Ayam Pop,
r4le9i,Ayam Bakar,
hlo0gu,Pempek,
bhccgs,Nasi Goreng,
0bh6sh,Nasi Goreng,
5cal3r,Ayam Goreng,
mvvko6,Sate Padang,
9x74vb,Sate Madura,
ja81t2,Gado Gado,
0c7gsd,Bakso,
wojmoc,Nasi Goreng,
m80fq2,Pempek,
posxbw,Gudeg,
a61c3j,Sate Madura,
7ee3pq,Rendang,
bhjeke,Sate Madura,
zte3xr,Sate Padang,
1h59ju,Gudeg,
5yxqus,Bakso,
2h06fj,Ayam Goreng,
8knrew,Ayam Goreng,
5xs4m8,Gado Gado,
i6ix82,Pempek,
n1e0ne,Gado Gado,
n0q503,Bakso,
nz5ycx,Gado Gado,
gl6dka,Sate Padang,
cjtcs4,Ayam Bakar,
rm2kga,Sate Madura,
scwvs0,Rendang,
hhaydl,Nasi Goreng,
itp709,Rendang,
joyn5j,Nasi Goreng,
lq913a,Rawon,
gme57s,Ayam Goreng,
r7c25e,Bakso,
suahcf,Bakso,
30mmyw,Nasi Goreng,
zqn1ax,Ayam Pop,
phbkrw,Sate Madura,
5qicr1,Soto,
lvo1ct,Ayam Goreng,
3e5y8y,Ayam Bakar,
ut05g5,Nasi Goreng,
zh3xo5,Nasi Goreng,
ef0kh3,Bakso,
y7x0hp,Gado Gado,
jr6olg,Ayam Bakar,
g5tihx,Gudeg,
hil7mh,Rendang,
wdeka9,Bakso,
qattsx,Rawon,
hvri88,Bakso,
r9ov0c,Nasi Goreng,
wh6oyw,Pempek,
57x9df,Coto Makassar,
bxnhy2,Bakso,
hzgnpg,Sate Madura,
ubud8d,Ayam Goreng,
zbsbwh,Ayam Goreng,
nnbptf,Sate Padang,
xqjnf8,Rendang,
pqwrxk,Ayam Goreng,
jqcuwk,Gudeg,
8575jn,Ayam Goreng,
i4axia,Bakso,
kmvsex,Rendang,
v70nvs,Ayam Bakar,
z97367,Sate Madura,
sqa8fs,Rawon,
hzqexv,Nasi Goreng,
qfg9gs,Gado Gado,
lgtihz,Nasi Goreng,
svwh0d,Gado Gado,
d5ut0z,Sate Madura,
1lsxwz,Rawon,
y8wkeo,Gudeg,
10mkcg,Rawon,
rxyylg,Pempek,
r6e4zt,Sate Padang,
onc53d,Nasi Goreng,
e2b026,Sate Padang,
l5afqm,Sate Padang,
wwl7hl,Bakso,
p4fhwm,Gudeg,
cj3chp,Nasi Goreng,
auazq6,Bakso,
274329,Sate Padang,
ca6jm4,Ayam Pop,
hwvlru,Gudeg,
b32amx,Coto Makassar,
if3ku1,Nasi Goreng,
ycf98p,Gudeg,
gj31qd,Ayam Betutu,
k99slb,Ayam Goreng,
d10qqh,Bakso,
v9ze2q,Bakso,
fv1rio,Gado Gado,
78vp28,Nasi Goreng,
5tf2js,Sate Padang,
kav9rp,Rendang,
u35jq8,Bakso,
i9c4fj,Sate Madura,
hi7ohy,Gado Gado,
c3156h,Sate Padang,
l349i8,Rendang,
nous0s,Rendang,
7ev9mz,Sate Madura,
rwt38o,Gudeg,
y56hok,Rendang,
r7e2j4,Gado Gado,
hwri0x,Ayam Goreng,
rsp6n7,Bakso,
une4gy,Ayam Bakar,
gazdql,Sate Padang,
gwlvy7,Rendang,
pul05e,Ayam Bakar,
1qg920,Coto Makassar,
8dbcuj,Gado Gado,
a0u534,Ayam Goreng,
yjlucg,Ayam Pop,
05rl1p,Rendang,
8qrla7,Ayam Goreng,
8tcl34,Bakso,
6qgj7i,Sate Padang,
7kpijp,Rendang,
febgnq,Bakso,
o1508q,Ayam Goreng,
rmo1hn,Sate Padang,
3su257,Ayam Goreng,
xjk5xy,Bakso,
hjs0sr,Ayam Goreng,
63qhfv,Ayam Goreng,
hp527q,Ayam Bakar,
gii8fp,Ayam Goreng,
p0twyz,Sate Padang,
l0nnmu,Ayam Goreng,
e9t5gp,Ayam Goreng,
1ok1aa,Sate Padang,
wcuykv,Ayam Pop,
jqimwk,Ayam Goreng,
426o3i,Rendang,
mat95x,Nasi Goreng,
mcj9m3,Ayam Goreng,
c9k01c,Ayam Goreng,
23s9ff,Gudeg,
sf46u7,Bakso,
54oyrn,Ayam Bakar,
o343bz,Rendang,
np6iqc,Bakso,
ajndsd,Gado Gado,
cot12e,Ayam Goreng,
kej21k,Bakso,
idk554,Rendang,
sqhfpv,Ayam Goreng,
ab5j4r,Coto Makassar,
hjm951,Gado Gado,
epsjjd,Nasi Goreng,
ai3m4l,Sate Madura,
ck6hd1,Bakso,
qvu4k2,Ayam Goreng,
75j885,Bakso,
vfdaug,Ayam Goreng,
xpcgoh,Bakso,
0e7o2w,Ayam Goreng,
rf88y4,Gado Gado,
mdktzf,Sate Padang,
dzdqek,Ayam Goreng,
4qkvk5,Gudeg,
f6so9c,Sate Madura,
87bddh,Coto Makassar,
v8qtsk,Bakso,
yu6fo2,Sate Padang,
uyv9fb,Sate Padang,
vt0n4p,Gado Gado,
7jjiih,Ayam Bakar,
gsd89a,Bakso,
q72qgn,Gudeg,
5midme,Gudeg,
b13xc6,Gudeg,
ujsc72,Coto Makassar,
zhn32w,Ayam Goreng,
7at5oo,Pempek,
2agwws,Gado Gado,
4kd323,Rendang,
i8km9t,Rendang,
mfuu50,Gado Gado,
9myaez,Ayam Goreng,
bgja2x,Sate Padang,
slrtk7,Sate Padang,
kicwxo,Sate Padang,
nva2ic,Bakso,
uhg7xg,Rendang,
5nf3uq,Bakso,
d2d8x7,Sate Padang,
tj1x06,Ayam Goreng,
baxq61,Rendang,
lv78g8,Sate Padang,
f5m2oc,Ayam Goreng,
z7dlb3,Rawon,
w5vbf1,Ayam Goreng,
wp6ymk,Rawon,
564az4,Pempek,
rzdst5,Bakso,
wl2p2t,Gado Gado,
gk5k0n,Bakso,
r99uyc,Nasi Goreng,
cgvyrp,Bakso,
zqbt7s,Rawon,
zcizei,Ayam Betutu,
jjjjkc,Gado Gado,
fjk9u6,Bakso,
fa2rhz,Sate Madura,
8t6epr,Bakso,
8p5mcc,Bakso,
cw9fa5,Nasi Goreng,
h6nukt,Pempek,
px5sah,Sate Padang,
vkf4rt,Rendang,
4sgc3z,Ayam Pop,
x4thr7,Ayam Goreng,
848zoa,Ayam Goreng,
gbt738,Sate Padang,
k6hasl,Coto Makassar,
lhc8kk,Rendang,
qyk5rv,Rendang,
u3fvs6,Bakso,
k3cv1u,Bakso,
78zl6w,Rendang,
x2nc5s,Gudeg,
c7o833,Ayam Goreng,
317r05,Nasi Goreng,
eujrpl,Nasi Goreng,
kxleg4,Ayam Goreng,
68whd4,Ayam Goreng,
l4db7k,Gado Gado,
6yw23y,Sate Madura,
ide56o,Coto Makassar,
xzs170,Ayam Bakar,
5wfrck,Rawon,
14tnr5,Gado Gado,
p6v3zu,Sate Madura,
bgc175,Sate Padang,
q0tany,Ayam Goreng,
l99qn0,Rendang,
vq0k3r,Gudeg,
pxrbz6,Gado Gado,
il8s5m,Ayam Goreng,
nkx0as,Bakso,
djtm7a,Ayam Bakar,
oolapd,Ayam Goreng,
vgocao,Bakso,
xnaw82,Rendang,
c982v0,Rendang,
19icyo,Nasi Goreng,
lcv3tf,Bakso,
3l3zg7,Coto Makassar,
5mqowk,Gudeg,
zpyprs,Ayam Goreng,
2zkgst,Rendang,
96akz2,Ayam Goreng,
5lkgxt,Rendang,
xw0ms0,Ayam Bakar,
n0vcx1,Bakso,
0t1c3g,Ayam Goreng,
67etq9,Bakso,
ndcedy,Ayam Pop,
crmj7g,Gudeg,
iox8qv,Ayam Goreng,
d0g2zs,Rendang,
zelxqk,Bakso,
wehcmh,Sate Madura,
jvbwe8,Bakso,
lekmvi,Gudeg,
o31nsm,Rawon,
30v05m,Sate Madura,
xk9k4m,Gado Gado,
94jmyp,Nasi Goreng,
tjz830,Nasi Goreng,
ly0p05,Ayam Goreng,
8cr8xw,Bakso,
d9z538,Sate Madura,
j10a1e,Rendang,
0u2214,Ayam Pop,
8qrtcj,Ayam Pop,
se72k1,Ayam Goreng,
1r3ypk,Ayam Goreng,
qazoya,Pempek,
q8qsu7,Sate Madura,
vvr8od,Rendang,
dvsvci,Sate Madura,
7ioer7,Ayam Bakar,
2clm2x,Ayam Pop,
68mly1,Rawon,
nn6ekv,Ayam Goreng,
hyoyfh,Ayam Goreng,
hqqivi,Ayam Bakar,
lyar4r,Ayam Pop,
cusn8p,Nasi Goreng,
n3jkct,Ayam Goreng,
ahtlt9,Sate Padang,
38ccq9,Rendang,
uoo6kt,Sate Padang,
m8onh1,Ayam Goreng,
9klzel,Sate Madura,
bfzcw0,Rawon,
mo7mob,Rawon,
q4e9fp,Gado Gado,
6jfmrc,Sate Madura,
g2bezu,Sate Padang,
t5urgu,Sate Madura,
0pnjze,Sate Padang,
rfz5y4,Bakso,
cbafe5,Ayam Goreng,
9gekhp,Rendang,
4ymxbv,Nasi Goreng,
i1f5xb,Coto Makassar,
m748gu,Ayam Goreng,
0n1i0k,Nasi Goreng,
6a0l00,Bakso,
ysj3ha,Coto Makassar,
f2ki0b,Ayam Goreng,
80ro4o,Ayam Pop,
kz1ptl,Bakso,
t3n9d2,Bakso,
0j0u49,Ayam Goreng,
eby12m,Rendang,
oxdw1n,Gudeg,
8niv4u,Bakso,
cszbo2,Sate Padang,
b8qa6s,Gado Gado,
doxc9q,Bakso,
1f53pn,Rendang,
d0wsu7,Sate Padang,
wfz75c,Gado Gado,
240p2x,Rendang,
vf9l0x,Gado Gado,
l76w1a,Bakso,
33t1jt,Rendang,
wjgp0g,Nasi Goreng,
3r13bv,Pempek,
crldrc,Sate Padang,
mjnv5m,Bakso,
nex1zv,Bakso,
1k5nd0,Rendang,
cs1qe9,Ayam Goreng,
1qbpjd,Nasi Goreng,
wgqime,Bakso,
8ck85m,Ayam Goreng,
vbvgl0,Bakso,
0p958i,Rendang,
lkadmu,Sate Padang,
2ugpjq,Nasi Goreng,
18jetj,Ayam Goreng,
dgvevj,Bakso,
6maw40,Gado Gado,
kwuynu,Rendang,
455ewe,Bakso,
3zkmn8,Ayam Goreng,
gp8gcw,Ayam Goreng,
glgaf8,Ayam Goreng,
5bchh9,Sate Padang,
7eosr2,Ayam Goreng,
1id7e9,Nasi Goreng,
wu4i4r,Nasi Goreng,
mbij5m,Ayam Goreng,
4zjqz1,Ayam Goreng,
f9axw6,Bakso,
2l44al,Rendang,
1c240a,Gado Gado,
ogja1x,Pempek,
puisap,Sate Padang,
2er23v,Rendang,
cq2cua,Gado Gado,
l8leur,Gado Gado,
gyp4du,Ayam Pop,
6616j0,Rendang,
bc39xm,Ayam Goreng,
zcowno,Ayam Goreng,
ap1c90,Bakso,
1tztks,Gudeg,
bmxmmw,Bakso,
q1klx6,Gudeg,
kbpig7,Ayam Pop,
20wnhk,Sate Madura,
6a26sz,Coto Makassar,
v5c2r8,Sate Madura,
i38hu6,Nasi Goreng,
6x5rdx,Gudeg,
sf95ir,Ayam Bakar,
qztehy,Ayam Pop,
q3qhgu,Ayam Goreng,
fpsn40,Pempek,
7x2q3g,Bakso,
bqexvr,Bakso,
pp30bu,Pempek,
xmol6w,Ayam Bakar,
sj5mtz,Nasi Goreng,
it42oh,Bakso,
h16q2c,Ayam Goreng,
kxiwne,Coto Makassar,
8nowjn,Ayam Bakar,
1ubcac,Bakso,
qc24xl,Bakso,
xynxnl,Rendang,
vgpsch,Rendang,
a7v4a0,Rendang,
mh38hx,Gudeg,
0drayz,Bakso,
98c8g2,Ayam Goreng,
rzwcp1,Gado Gado,
zw8qts,Bakso,
l5yf76,Rendang,
rerwtn,Nasi Goreng,
oetw8i,Ayam Bakar,
p46in3,Gudeg,
pbueiu,Rendang,
51tohs,Nasi Goreng,
83x2qn,Sate Madura,
prk5ft,Sate Madura,
01bihe,Ayam Goreng,
tkik6z,Bakso,
r11l50,Gado Gado,
4q9r9u,Rendang,
t1r1kq,Ayam Goreng,
9uj7hq,Ayam Goreng,
ci04ma,Rawon,
es054m,Bakso,
mrogya,Ayam Bakar,
yhy6sd,Rendang,
h6hfz2,Gado Gado,
zn195z,Ayam Goreng,
prwl54,Bakso,
nsxrdw,Sate Padang,
qkel8s,Rendang,
zkfkgx,Gudeg,
jfgbin,Bakso,
w6sbjn,Ayam Bakar,
m9i79a,Gudeg,
p3zk5a,Sate Padang,
g9jh5n,Gudeg,
ibcxhm,Sate Padang,
27h8hs,Sate Padang,
sz429s,Sate Madura,
2x16ir,Ayam Bakar,
r40evs,Rawon,
l9wxzq,Sate Madura,
r5degw,Sate Padang,
io72zl,Sate Padang,
e4dotv,Bakso,
l0zc0a,Bakso,
lu46of,Gudeg,
rzlej0,Sate Padang,
4sibai,Rendang,
oyiy5b,Rendang,
bup3y2,Ayam Bakar,
qwl28e,Rendang,
1sz6d7,Rendang,
hnd77s,Sate Madura,
9rml4p,Gado Gado,
9lymqy,Rendang,
ibj79f,Ayam Goreng,
afax8d,Rawon,
e2zwhf,Sate Padang,
5p9pui,Coto Makassar,
v4ellj,Ayam Pop,
wqjqj6,Ayam Goreng,
na565f,Sate Madura,
u07hgs,Ayam Goreng,
ipeio4,Rendang,
qzamp6,Rendang,
j02t38,Bakso,
mx9cu8,Sate Padang,
773zfg,Soto,
2p5jt0,Bakso,
oywcn1,Ayam Goreng,
ipu9u2,Ayam Goreng,
0n0v4i,Sate Madura,
tk6wf2,Rawon,
p74uqr,Ayam Goreng,
s3k3xy,Rendang,
5co3al,Nasi Goreng,
dref97,Ayam Goreng,
busd3c,Pempek,
xzm06a,Sate Madura,
au3d8y,Ayam Pop,
fxcy3v,Bakso,
gcnntb,Sate Padang,
1kk93w,Rendang,
zsmnpe,Coto Makassar,
5fhxn5,Ayam Goreng,
8wnd13,Bakso,
evgito,Gudeg,
u4hcpd,Sate Madura,
cpyrr0,Sate Padang,
2vyngi,Ayam Goreng,
omk8gr,Rendang,
dwjj8q,Ayam Goreng,
a4rimo,Nasi Goreng,
6mffuf,Ayam Bakar,
vjboz1,Ayam Goreng,
ckdffn,Ayam Bakar,
op2u8f,Nasi Goreng,
i2v6f7,Sate Padang,
nymre8,Bakso,
66plcr,Rendang,
9grblx,Nasi Goreng,
9ttudc,Ayam Goreng,
5q3avn,Sate Padang,
5jcz07,Rendang,
kokzw2,Ayam Goreng,
c0j1en,Sate Madura,
1amtyr,Pempek,
92gxfn,Rendang,
dcw9o1,Rawon,
31ngz4,Bakso,
9vjpdq,Rendang,
uzhy59,Coto Makassar,
hg4ika,Sate Madura,
2srwb7,Gado Gado,
xbs407,Bakso,
tsl7bd,Gado Gado,
maj5yj,Rendang,
mja3kk,Ayam Goreng,
q6s7rd,Ayam Goreng,
7c0l6c,Gado Gado,
2mcmhe,Pempek,
vlti5d,Rendang,
l2v5k1,Coto Makassar,
wnlnwj,Rendang,
53g2yo,Rendang,
6y6djs,Bakso,
ehw58i,Coto Makassar,
lcqd98,Bakso,
ppoyu5,Gado Gado,
e7dtzi,Rendang,
5tuj9l,Coto Makassar,
mgruqf,Gado Gado,
h71uty,Coto Makassar,
bocps3,Bakso,
476but,Gudeg,
lkszg5,Sate Padang,
pdk97y,Rendang,
0tea9w,Sate Madura,
et5tqj,Pempek,
pmqdiy,Pempek,
er9hsz,Ayam Goreng,
a183rn,Bakso,
789zvn,Rawon,
giptda,Sate Padang,
5dafar,Bakso,
3kncgy,Ayam Pop,
zh6js1,Gado Gado,
p3u72i,Gado Gado,
6kp59f,Gudeg,
wxtu9i,Rawon,
61mu4e,Ayam Goreng,
rhedlr,Bakso,
wrfb0n,Ayam Goreng,
crseir,Rendang,
sk07ue,Ayam Goreng,
ut3ojs,Gudeg,
62qc1r,Rendang,
qsuic5,Sate Madura,
b47iu4,Sate Padang,
n722dy,Gudeg,
8lpgy4,Sate Padang,
8exb87,Gado Gado,
1nnnpe,Bakso,
84qti2,Ayam Betutu,
i9fzxi,Ayam Bakar,
susvwc,Gado Gado,
2823s7,Ayam Pop,
m17tj0,Rendang,
79t7cz,Ayam Bakar,
np37k7,Ayam Goreng,
hhhgmp,Pempek,
v5hi5e,Gudeg,
2543lo,Sate Madura,
1vgghu,Nasi Goreng,
zbybgj,Gado Gado,
xkjzu4,Sate Padang,
y3wadc,Ayam Goreng,
x43o7m,Rendang,
aacrj6,Sate Padang,
g3g2vr,Rendang,
izgt8j,Gudeg,
6wgedj,Rendang,
ea85nr,Bakso,
v7c3og,Sate Padang,
hmrg44,Rawon,
t4g6m7,Rendang,
stnz9i,Nasi Goreng,
i4c3sz,Rawon,
15xaty,Sate Padang,
8bfkwd,Rendang,
zz4rv9,Ayam Goreng,
8v3fsg,Rendang,
0ku758,Bakso,
guj58o,Nasi Goreng,
k8m4xg,Ayam Pop,
u6pu0e,Bakso,
h10szc,Sate Padang,
s5oqmo,Ayam Goreng,
diplpe,Ayam Bakar,
29vvh7,Sate Padang,
3w1rl9,Ayam Goreng,
oyl7r3,Rendang,
98cp4n,Bakso,
33cq5u,Rawon,
v5453m,Sate Padang,
ykk3lw,Sate Padang,
41uyi0,Sate Madura,
q4el5r,Nasi Goreng,
vgjnjg,Bakso,
ptiblk,Sate Padang,
gqguzu,Rendang,
20h315,Gado Gado,
2ebndh,Rendang,
z51d1g,Sate Padang,
ky4dam,Sate Padang,
ti2afk,Ayam Pop,
rpi4va,Coto Makassar,
icjlox,Bakso,
vg3gf1,Ayam Bakar,
j4cwz6,Sate Madura,
bsl38t,Rendang,
eouose,Bakso,
ni5cjf,Ayam Goreng,
w0qh8h,Ayam Bakar,
9whi9y,Bakso,
374w4x,Nasi Goreng,
nsl52t,Rendang,
iytjcv,Ayam Goreng,
ut9otk,Sate Padang,
aml78p,Rendang,
165z9c,Ayam Goreng,
kp311m,Ayam Pop,
d7mu1a,Sate Madura,
sabp9v,Sate Madura,
dz2mqm,Gado Gado,
oxn1ui,Bakso,
8yswpb,Ayam Goreng,
lpuwvq,Ayam Goreng,
z81cp5,Nasi Goreng,
znxlpx,Bakso,
1pqtr8,Sate Padang,
jbh7vp,Sate Padang,
snoxso,Ayam Bakar,
8i8abm,Bakso,
z4as03,Ayam Goreng,
uj8i6c,Nasi Goreng,
eilp2l,Pempek,
wgio42,Nasi Goreng,
opb8dj,Ayam Bakar,
mejk4l,Bakso,
idm0hj,Ayam Pop,
m6jl65,Rawon,
8fzv1i,Gudeg,
em107b,Sate Padang,
ud12ui,Rawon,
4i30c4,Rendang,
1f6cq4,Bakso,
ohy4bf,Bakso,
x3dx9r,Coto Makassar,
uleegb,Ayam Pop,
22ewh2,Rendang,
3zah9h,Ayam Bakar,
zw2rjh,Bakso,
b3jx9n,Gado Gado,
zd4bwe,Sate Madura,
94hgwu,Gado Gado,
oa6s97,Rendang,
fpmdul,Soto,
b4rrvn,Ayam Bakar,
n8k875,Rendang,
xg3qx8,Gudeg,
ycu9wz,Gado Gado,
nd3gds,Gado Gado,
qoi73t,Nasi Goreng,
tbvvml,Bakso,
kdxt2q,Bakso,
is3z44,Ayam Goreng,
0lgx6u,Bakso,
316bg6,Ayam Bakar,
kl5fle,Bakso,
4deu0x,Ayam Goreng,
achmh5,Ayam Goreng,
96w4ja,Nasi Goreng,
f8yhlx,Sate Madura,
xbh5l4,Bakso,
9dy8px,Ayam Bakar,
u4gspt,Sate Madura,
6r725w,Rawon,
1z746f,Rendang,
9jpf9z,Ayam Goreng,
4bbi8z,Nasi Goreng,
nnztb6,Bakso,
ohyxg8,Bakso,
4rvcl2,Sate Padang,
a1zv6s,Ayam Pop,
2k3skc,Rendang,
ungzpo,Rendang,
fayi6d,Nasi Goreng,
hwrhbv,Gudeg,
2ftkwk,Ayam Goreng,
4ujaij,Sate Padang,
gs6juv,Sate Padang,
iv8gk1,Ayam Pop,
0pnite,Ayam Pop,
4j8h6f,Gado Gado,
gfps73,Pempek,
da9q6a,Rendang,
alk3we,Pempek,
lot0lh,Gado Gado,
6f199s,Coto Makassar,
wr3j8b,Nasi Goreng,
us5abs,Sate Madura,
r8gcn2,Coto Makassar,
pomifm,Nasi Goreng,
p8t2t1,Coto Makassar,
rz50rn,Rendang,
aajkwo,Nasi Goreng,
jllqc1,Gado Gado,
2462yd,Ayam Pop,
6d2buk,Bakso,
j3zasr,Gado Gado,
c5kuy4,Ayam Bakar,
zfwsk9,Ayam Pop,
l4eapd,Bakso,
f73jrf,Sate Padang,
s5rq58,Ayam Goreng,
robzaw,Nasi Goreng,
9bmxhr,Ayam Goreng,
gkjs38,Bakso,
x4r03l,Ayam Goreng,
upqrty,Rendang,
atvmn7,Gudeg,
e15fkt,Ayam Bakar,
w4cgat,Rawon,
u109h0,Ayam Goreng,
rsuc6e,Gado Gado,
rm1wgh,Sate Madura,
1jtoby,Sate Padang,
i8zl6d,Gudeg,
s2iy0n,Rendang,
nw3eym,Ayam Betutu,
smnsqt,Ayam Goreng,
kteuvq,Ayam Pop,
1aik6j,Rawon,
tuei0m,Sate Madura,
0vnn39,Rendang,
7gzmq9,Gudeg,
vfljow,Sate Padang,
cal1yv,Rendang,
9myzqe,Bakso,
nalidk,Rendang,
4iae8r,Ayam Goreng,
2af03u,Rendang,
n31rta,Ayam Pop,
ynl84i,Bakso,
p38fhi,Coto Makassar,
jyxxm6,Bakso,
frnj9b,Bakso,
c52zjd,Gudeg,
vpvwcv,Sate Madura,
i291jo,Rendang,
qibfxo,Gado Gado,
fp2ppt,Sate Madura,
4dlpp7,Sate Padang,
h8db80,Gado Gado,
bqqkx6,Bakso,
cvl0o9,Sate Padang,
0jn1nm,Ayam Pop,
s4gmsi,Rendang,
iakisw,Sate Padang,
3t6hxh,Ayam Goreng,
21d9wl,Ayam Bakar,
21ys0a,Coto Makassar,
lhh1q2,Gudeg,
06ni3h,Rendang,
03e78u,Bakso,
gjrtfj,Rendang,
udzjtt,Ayam Goreng,
pnayio,Rawon,
thimxy,Rendang,
xd1eyh,Gudeg,
7u0zs1,Nasi Goreng,
vmb25q,Ayam Goreng,
mgy7v4,Ayam Goreng,
1400kd,Ayam Pop,
5rwpk1,Nasi Goreng,
uexpez,Sate Padang,
cpe2nj,Rendang,
qyg63n,Gudeg,
qs0xm3,Ayam Goreng,
9p1zjf,Pempek,
3evh4p,Gado Gado,
2j2xfw,Ayam Pop,
ziagjj,Sate Padang,
oj74nv,Nasi Goreng,
wll993,Gudeg,
harlp5,Rawon,
hzomz9,Sate Padang,
ofegbt,Nasi Goreng,
9gnjf5,Ayam Pop,
qt4xzm,Sate Madura,
t252vm,Gudeg,
98rjn3,Bakso,
sq0wb8,Gudeg,
9agfjm,Rendang,
u90ra2,Pempek,
izjlfy,Sate Madura,
m4z570,Bakso,
euddw9,Ayam Goreng,
qhwjnl,Ayam Goreng,
oag79q,Bakso,
e1tx9g,Ayam Goreng,
040hye,Coto Makassar,
zrbcea,Bakso,
3inm6s,Bakso,
r25c65,Sate Padang,
hwjwis,Gudeg,
zonnx8,Rendang,
1wdeap,Rendang,
xdb8lm,Nasi Goreng,
fccq96,Sate Madura,
pgcuhe,Gado Gado,
hdpzi4,Nasi Goreng,
ew8q4p,Bakso,
vq96ba,Rendang,
2ze52q,Gado Gado,
gbrp1f,Bakso,
bxx6ro,Ayam Pop,
jwg6in,Bakso,
ywrdwy,Nasi Goreng,
mcco9e,Sate Padang,
9km5fu,Sate Padang,
bfihja,Gudeg,
bwf378,Rawon,
e4ga2i,Gado Gado,
a1ao2b,Coto Makassar,
q5dh2e,Ayam Pop,
bm0mwm,Bakso,
1dtrgj,Nasi Goreng,
jcd4no,Gudeg,
waiib6,Ayam Goreng,
gwn45m,Ayam Goreng,
tkre39,Ayam Goreng,
wwvdkf,Sate Madura,
t4m1fa,Nasi Goreng,
y1e1yp,Gudeg,
7c0d4o,Gudeg,
hmtchh,Bakso,
zw6yc5,Gudeg,
k15ckq,Bakso,
ue4twg,Gado Gado,
hx1det,Sate Madura,
0efs1g,Gado Gado,
2cs21o,Gudeg,
b41cwd,Ayam Goreng,
u42mf6,Bakso,
2d42ib,Ayam Goreng,
01g1kk,Gudeg,
7iwpg7,Ayam Bakar,
pcfzp4,Nasi Goreng,
597loy,Gado Gado,
ej6oqv,Ayam Goreng,
yl7d8v,Sate Madura,
5b6sv4,Bakso,
5d673i,Rendang,
5eh2nh,Pempek,
8q3k3k,Rendang,
7xqy0r,Nasi Goreng,
bm07ob,Bakso,
9odjp5,Rendang,
vlvitx,Nasi Goreng,
jstem5,Sate Madura,
7w14hn,Ayam Goreng,
h5llna,Sate Padang,
7d66dq,Sate Madura,
wuob4b,Pempek,
ypqd48,Ayam Goreng,
oabzxd,Ayam Pop,
5cvbyv,Ayam Goreng,
915nvv,Bakso,
6ekoqn,Rendang,
qvs4z9,Ayam Goreng,
zibl0e,Nasi Goreng,
fg1ax9,Nasi Goreng,
7c058r,Rendang,
akey3t,Bakso,
jiw1q0,Sate Madura,
pzer6b,Sate Madura,
854yjh,Bakso,
lsu6ab,Ayam Goreng,
f9fh0o,Ayam Pop,
if5mw2,Sate Padang,
lq8eon,Sate Madura,
jx9gvo,Coto Makassar,
8s6kf8,Gado Gado,
ok4ddn,Ayam Bakar,
2b2j5g,Bakso,
lzn82r,Sate Padang,
0wnid0,Sate Padang,
xg9068,Bakso,
uyg4bs,Bakso,
vtk8zm,Bakso,
c4jiib,Ayam Goreng,
8rydbw,Gudeg,
50joge,Bakso,
05jpj7,Sate Madura,
8lrtza,Bakso,
ws2bgj,Sate Madura,
on204j,Rendang,
k6o30p,Ayam Goreng,
6cic7k,Rendang,
sgcf8i,Rendang,
2hivx2,Bakso,
qovv2t,Sate Padang,
5cbn0o,Gado Gado,
155ihd,Sate Padang,
0m4riy,Rendang,
nvk29c,Nasi Goreng,
xe09c4,Rendang,
ptr33x,Bakso,
u98uno,Bakso,
b5gx9d,Gudeg,
2ed8qg,Rawon,
4qr41a,Rendang,
t8x34u,Rendang,
rremm4,Sate Padang,
0wi2bi,Rendang,
bt7pv7,Sate Madura,
paifbn,Coto Makassar,
dunkdp,Nasi Goreng,
kqcb8x,Sate Madura,
7njdg5,Ayam Bakar,
vq1v5m,Ayam Pop,
00sv9l,Nasi Goreng,
zozm3w,Sate Madura,
txau4r,Ayam Bakar,
4ehhnh,Bakso,
eitrg4,Sate Padang,
48ms9j,Nasi Goreng,
pt92u9,Ayam Goreng,
pm6z1q,Gado Gado,
jtnype,Bakso,
zyvkir,Nasi Goreng,
sebpmy,Sate Padang,
e84kv7,Rendang,
jd4vpo,Nasi Goreng,
250h5s,Pempek,
s442pp,Ayam Pop,
d4e9ac,Nasi Goreng,
yoxufe,Rendang,
xgeyg6,Bakso,
edf883,Ayam Pop,
q4g1s3,Sate Madura,
47kgfi,Sate Madura,
eyg2hp,Nasi Goreng,
tz28pd,Bakso,
95sa7a,Ayam Goreng,
6i9cyu,Ayam Goreng,
luaag2,Rawon,
mnolpd,Coto Makassar,
h9rust,Bakso,
berjml,Rendang,
jwnc1z,Gado Gado,
g7nzpj,Ayam Goreng,
vnd5n5,Gudeg,
pku6ad,Ayam Goreng,
ihfxwe,Gado Gado,
1ukd3b,Gado Gado,
y1w7l8,Ayam Goreng,
rck229,Gudeg,
lbbph5,Ayam Goreng,
ah3p50,Rendang,
m1k2x8,Rawon,
h32dj0,Coto Makassar,
ua8rs6,Sate Madura,
4x6kn9,Ayam Pop,
uor0sm,Bakso,
zprbi0,Pempek,
rt0ve7,Rendang,
gwwjhw,Sate Madura,
tr25os,Ayam Bakar,
pa5taf,Rendang,
lfz1nn,Gado Gado,
jfrvoc,Ayam Bakar,
2y7gz6,Gudeg,
0txomv,Sate Madura,
tzhr8f,Gado Gado,
7ybhha,Rawon,
585c1z,Ayam Pop,
m23fdz,Rawon,
yv1eh2,Ayam Bakar,
gimwq0,Bakso,
k57ok4,Nasi Goreng,
uyn0yp,Ayam Goreng,
0srga7,Rawon,
9x8xq3,Ayam Goreng,
qfjof0,Gado Gado,
jj8nl7,Sate Madura,
btidrj,Ayam Pop,
vcalop,Ayam Goreng,
o30wxz,Ayam Bakar,
r6zf1w,Rawon,
gs6kpc,Nasi Goreng,
t6474e,Bakso,
llssaz,Bakso,
of2v92,Nasi Goreng,
94mm3i,Sate Padang,
89oce7,Ayam Goreng,
blxxof,Sate Madura,
n764j2,Bakso,
3ibjw6,Ayam Pop,
73q3hj,Ayam Bakar,
2dv0pz,Pempek,
fdvled,Ayam Goreng,
95atmb,Ayam Pop,
gf8act,Rendang,
mmny9v,Ayam Goreng,
7wwlmf,Bakso,
dv0v9o,Nasi Goreng,
7kbp43,Sate Padang,
0vnv3r,Bakso,
agjr3o,Nasi Goreng,
7j32wh,Gado Gado,
6ibn9o,Bakso,
8qchfx,Gado Gado,
9hlfxr,Rendang,
jp12ix,Ayam Pop,
7qfhsz,Ayam Goreng,
6baheh,Sate Madura,
mgjxyt,Gado Gado,
0yibcs,Coto Makassar,
r4h6ud,Sate Madura,
hvyawp,Sate Padang,
lilwde,Ayam Goreng,
kfqjy9,Gado Gado,
o36w8m,Nasi Goreng,
9qgbyn,Sate Padang,
n7ob1y,Rendang,
qetf8e,Bakso,
g56rq8,Sate Padang,
5oolr6,Ayam Goreng,
wq8hfg,Bakso,
ipigr6,Gudeg,
5bc442,Gudeg,
fdqm68,Rendang,
mwd0ga,Gudeg,
dokiiq,Ayam Bakar,
1w90k4,Bakso,
tziuj8,Pempek,
93uvu1,Rendang,
ookbgd,Sate Madura,
56npv2,Rendang,
td41ma,Ayam Bakar,
3cxxcq,Bakso,
50z00b,Nasi Goreng,
2ci3qb,Nasi Goreng,
5u58vl,Nasi Goreng,
aqurf9,Rendang,
t8awf1,Bakso,
u6sv29,Gudeg,
2y8jqo,Coto Makassar,
qc6hgv,Bakso,
tg7p1x,Ayam Goreng,
z77359,Gudeg,
c99aqd,Gudeg,
qmvw1j,Ayam Bakar,
6ziwqb,Coto Makassar,
1s719n,Ayam Bakar,
baqkam,Rendang,
k4261p,Nasi Goreng,
6r0se7,Gado Gado,
lvx56r,Bakso,
gizl11,Nasi Goreng,
qvxxjm,Nasi Goreng,
n228a6,Coto Makassar,
cd81j2,Ayam Pop,
7ybztr,Ayam Pop,
a5mstg,Sate Madura,
ycrkqs,Sate Padang,
2aqwr1,Ayam Goreng,
6ln0r0,Bakso,
e82h0d,Rendang,
lbmiu7,Sate Madura,
mry70l,Sate Madura,
ezbr2j,Bakso,
f7s3ue,Ayam Goreng,
kfcseg,Ayam Goreng,
mormlg,Ayam Goreng,
nz2ewj,Ayam Bakar,
ppdlks,Gado Gado,
epj5wi,Gado Gado,
kmyc57,Bakso,
1vwapa,Gudeg,
vnlp8t,Gudeg,
bo4eka,Ayam Bakar,
h6p10i,Ayam Goreng,
8li19x,Ayam Goreng,
jstdie,Nasi Goreng,
74eg69,Rendang,
47rmhm,Nasi Goreng,
nohy0u,Gado Gado,
40jtmv,Ayam Pop,
tb6emb,Nasi Goreng,
fe00hw,Pempek,
le1j4j,Rendang,
9ro9eh,Gado Gado,
uz3ute,Pempek,
eiehg4,Ayam Goreng,
2rj13g,Sate Madura,
1xjpr1,Ayam Goreng,
mv4g7m,Rendang,
pr66mq,Nasi Goreng,
7btobz,Gado Gado,
bgewol,Bakso,
9akelf,Bakso,
mm3o2m,Ayam Pop,
gbhxfp,Rendang,
vdjwq8,Ayam Pop,
ii7poe,Bakso,
gkfo4d,Sate Padang,
ohiu4j,Ayam Goreng,
lyy2a9,Bakso,
o7z3y7,Sate Padang,
rlleub,Rendang,
j2is0l,Ayam Goreng,
8r71j1,Gudeg,
6op2wv,Gudeg,
bp5mrz,Bakso,
jjl7kd,Ayam Bakar,
cs21m6,Rawon,
dkgbev,Bakso,
19tv5c,Sate Padang,
tsuyrk,Rawon,
rg70b1,Ayam Pop,
kgd3ho,Bakso,
ws2ye5,Bakso,
pjqlhm,Gudeg,
guwkiv,Ayam Bakar,
jls4p0,Rendang,
7bgehm,Coto Makassar,
ib9vgq,Rendang,
hgg8zo,Nasi Goreng,
oxw1ko,Rendang,
47y11p,Nasi Goreng,
x57avf,Sate Padang,
ihv8q2,Rendang,
s1ruue,Nasi Goreng,
jdrt61,Ayam Goreng,
eo2yco,Pempek,
7udm0u,Nasi Goreng,
o3f6bx,Ayam Goreng,
s6qgjc,Sate Padang,
rtpav4,Rendang,
9bs32w,Ayam Goreng,
fkaqwt,Sate Padang,
5dqzww,Nasi Goreng,
fn04f7,Gudeg,
hnbg3f,Gudeg,
rrt19p,Ayam Bakar,
9u8m24,Gudeg,
0hi93z,Ayam Goreng,
xvw9sg,Sate Padang,
6xceg0,Bakso,
5imao7,Bakso,
5f4n6f,Ayam Goreng,
a6rxk7,Nasi Goreng,
a70gp9,Sate Madura,
hvqfsy,Sate Padang,
syt8pu,Gado Gado,
cc52fc,Ayam Goreng,
s3waiw,Ayam Pop,
seamqn,Sate Padang,
s7xdem,Ayam Bakar,
52589v,Rawon,
qs1evc,Bakso,
v2fsne,Bakso,
q4l5h0,Sate Padang,
r8s0a6,Ayam Bakar,
f4kxuv,Bakso,
lwmmjt,Bakso,
jibc4f,Bakso,
zuy70p,Nasi Goreng,
h9juq3,Rendang,
fytpjo,Ayam Goreng,
ebuhlb,Bakso,
wj8cbi,Bakso,
uh0pwv,Sate Padang,
w3s9l5,Sate Madura,
tuoys2,Ayam Goreng,
wbmupm,Ayam Goreng,
ialhdr,Gudeg,
jh7eb7,Ayam Goreng,
45hmjs,Sate Padang,
3stor5,Ayam Goreng,
ts1tk8,Rendang,
vviwtx,Nasi Goreng,
b3p3o5,Sate Padang,
h78com,Ayam Bakar,
ndh88c,Sate Madura,
5a5awx,Nasi Goreng,
io1tf0,Ayam Goreng,
80evge,Sate Padang,
7khzee,Gudeg,
svthtp,Nasi Goreng,
p6xb9x,Ayam Goreng,
g8q10z,Ayam Pop,
r7wduy,Gado Gado,
yvwrsd,Bakso,
yp6qs6,Coto Makassar,
xdzyxr,Bakso,
zd4d4m,Gudeg,
85qbvk,Ayam Goreng,
7cc8qa,Ayam Goreng,
7wmfde,Ayam Pop,
ox6gue,Bakso,
v8y1v6,Ayam Goreng,
wc0l6g,Rendang,
fzrtcd,Gado Gado,
8setq1,Sate Madura,
vml7sw,Ayam Pop,
5f16f9,Sate Padang,
ml96v3,Rendang,
b097yi,Nasi Goreng,
c636lu,Gado Gado,
cjs38g,Nasi Goreng,
ex3qjn,Sate Padang,
v5hzuc,Sate Madura,
3hz61t,Rendang,
a99m2t,Bakso,
jylis0,Bakso,
js3q3k,Gudeg,
1v9bz6,Nasi Goreng,
vlewas,Bakso,
kkk8zx,Bakso,
ga5p62,Bakso,
1tixag,Ayam Bakar,
dwhzy7,Ayam Goreng,
2z9ny5,Rendang,
ihawpk,Ayam Pop,
njqxps,Coto Makassar,
c9vpkv,Gudeg,
rkk91c,Gudeg,
885f7b,Ayam Goreng,
hv53kn,Rendang,
kcd9hs,Sate Madura,
5ey69n,Rawon,
qvm0rq,Nasi Goreng,
n58uwa,Bakso,
8di6ql,Nasi Goreng,
ua8543,Ayam Goreng,
kulvsc,Sate Padang,
9d0hyy,Gudeg,
g27n6t,Gudeg,
1xkf9s,Sate Padang,
fbp069,Gudeg,
t0oon3,Ayam Pop,
fonqs2,Bakso,
84mj9v,Gado Gado,
40ma7s,Sate Madura,
18ajqg,Bakso,
riv54a,Ayam Goreng,
k94677,Nasi Goreng,
n2j007,Bakso,
asgeww,Sate Padang,
pjotrz,Sate Madura,
4btdnu,Ayam Bakar,
xj0nve,Gudeg,
5eq4m0,Ayam Goreng,
0lclky,Ayam Pop,
umgv5g,Bakso,
4gpn6h,Rendang,
ag1ox7,Sate Madura,
68588j,Ayam Goreng,
emgc3f,Bakso,
3bt18y,Gudeg,
gr4uty,Bakso,
9cgklr,Nasi Goreng,
qwkyds,Bakso,
62ezv8,Nasi Goreng,
660mv2,Sate Padang,
twgjue,Gado Gado,
zvz2qs,Gudeg,
f0szxo,Gado Gado,
zy59f0,Gado Gado,
7y2zpa,Bakso,
lso0qe,Sate Padang,
alqse5,Ayam Bakar,
ajy0b6,Bakso,
027vh6,Ayam Goreng,
oh72rr,Rawon,
4mwnyy,Bakso,
7bfws7,Ayam Pop,
y72z9y,Bakso,
7aatv1,Ayam Goreng,
9hduu9,Rendang,
rxtjyx,Bakso,
edhccj,Ayam Bakar,
kqsnis,Bakso,
92a39i,Ayam Goreng,
kb6fce,Ayam Goreng,
i630wm,Rendang,
nw7nau,Rendang,
eeq6mv,Ayam Goreng,
81nj0l,Sate Padang,
2aodp6,Ayam Bakar,
it0jg3,Rendang,
ctut23,Ayam Goreng,
quhi9n,Ayam Bakar,
2otxod,Rawon,
7swrro,Nasi Goreng,
w75i07,Rendang,
ndjeeg,Nasi Goreng,
o89h7s,Gado Gado,
xfqise,Ayam Goreng,
1zg59j,Ayam Bakar,
2cweqd,Rendang,
zcmlv8,Bakso,
712z05,Sate Padang,
7xrp8g,Rendang,
m6eu26,Sate Padang,
cq9w6i,Bakso,
ys4w9j,Sate Madura,
ftkrtd,Ayam Goreng,
us5zj8,Ayam Pop,
z4a4nh,Nasi Goreng,
onyq2h,Sate Padang,
amcsrq,Bakso,
qt63ww,Sate Madura,
4fegma,Gado Gado,
h5cskv,Rendang,
fqqcv1,Ayam Goreng,
ei6cx3,Rendang,
muqjiv,Bakso,
uavvov,Ayam Pop,
rff5k3,Ayam Bakar,
cenxn1,Rendang,
gal1oi,Bakso,
ynmlbm,Pempek,
aqxw8n,Sate Padang,
1f8yf4,Sate Madura,
4ce3mh,Coto Makassar,
ig3nn4,Nasi Goreng,
d0eemm,Ayam Goreng,
r4atez,Gado Gado,
av20zv,Sate Padang,
v0qo3e,Ayam Pop,
bmpl58,Rendang,
3ft49d,Ayam Goreng,
tw3xq1,Ayam Goreng,
6po7af,Sate Madura,
ppec1i,Rendang,
40y3yv,Sate Padang,
6dg4io,Rawon,
qdsnj1,Rendang,
s0wcoq,Nasi Goreng,
4b5bv6,Bakso,
0zh3pc,Ayam Goreng,
3qsupf,Rendang,
cy2lr3,Sate Padang,
z3kk4l,Nasi Goreng,
h95s58,Sate Madura,
2m9q9x,Ayam Goreng,
n60bk5,Bakso,
emmfi0,Rendang,
m6w4zy,Ayam Goreng,
aataof,Ayam Goreng,
7idc8c,Gudeg,
wr88dd,Ayam Goreng,
5107k9,Gado Gado,
5h2mkx,Gado Gado,
vhgf0s,Gado Gado,
dma7sa,Sate Madura,
65pn12,Sate Padang,
mgkyj3,Gudeg,
pbzc1y,Ayam Goreng,
9xw8fp,Sate Padang,
gt2i11,Ayam Goreng,
zcbwkp,Bakso,
jdpwhz,Nasi Goreng,
jyaf5d,Coto Makassar,
62nmne,Rendang,
ldeaat,Sate Madura,
urmyw6,Sate Padang,
ef3qsj,Pempek,
r3vg3h,Coto Makassar,
vnhbwb,Ayam Goreng,
1tfhes,Rendang,
njvuew,Gado Gado,
qqpamo,Gado Gado,
jyecrc,Gudeg,
qk1mrp,Ayam Pop,
4ypwdg,Ayam Goreng,
3p7y8b,Gudeg,
numrim,Coto Makassar,
vp5zwr,Gado Gado,
05cta5,Bakso,
2jidaw,Rendang,
f8wi6r,Ayam Pop,
ivqena,Sate Padang,
ovosd1,Ayam Bakar,
543fwz,Ayam Goreng,
w94uhz,Gado Gado,
euoyfd,Rendang,
1mxosi,Bakso,
zxtp44,Nasi Goreng,
h1ibwc,Nasi Goreng,
ifb35i,Nasi Goreng,
bbpa15,Sate Padang,
3fkrc5,Ayam Goreng,
fej5c6,Rendang,
5tddmn,Pempek,
s34y08,Sate Madura,
tedyt8,Gado Gado,
7pjfqb,Sate Padang,
cc7l2v,Bakso,
9p31ja,Ayam Bakar,
m84dg8,Nasi Goreng,
0i9h44,Nasi Goreng,
dzkthy,Ayam Bakar,
xdf7st,Rawon,
fsc5vv,Sate Madura,
upct6x,Sate Madura,
65aptv,Ayam Goreng,
z90qg0,Nasi Goreng,
6o485g,Gudeg,
qtpv32,Ayam Pop,
hlzpe5,Bakso,
6f1kef,Rendang,
02y5fc,Rendang,
dbio1s,Bakso,
irh22j,Ayam Bakar,
rl0h8c,Rendang,
0ooxqz,Rendang,
nwk9py,Bakso,
r1bvkt,Nasi Goreng,
j29us0,Sate Madura,
t9nvq3,Bakso,
h3e1ah,Coto Makassar,
0je5k7,Gado Gado,
8eg53s,Sate Madura,
qaw8yw,Gado Gado,
ycu2cm,Sate Padang,
vwu89o,Sate Madura,
afy03g,Ayam Pop,
jikc5n,Sate Madura,
m820c9,Sate Padang,
divke7,Ayam Betutu,
dmfuiv,Bakso,
izeuha,Gado Gado,
8xwlpp,Sate Padang,
gi8r3c,Ayam Betutu,
0ponl7,Rendang,
mjnu5i,Rendang,
u33td1,Rendang,
umb0si,Ayam Bakar,
6s0y2x,Bakso,
9bzoqv,Rawon,
0zmwwh,Pempek,
tt12b1,Sate Padang,
iyofo4,Ayam Goreng,
ob3yx9,Rawon,
w72nt4,Rawon,
oskl7f,Ayam Goreng,
wr7kh1,Bakso,
5fne5r,Nasi Goreng,
h93ra8,Bakso,
2uu2va,Ayam Bakar,
2hkfcx,Rendang,
kfia6p,Rendang,
zawoml,Rendang,
no2mx3,Bakso,
3kg2sa,Ayam Bakar,
hozto2,Ayam Betutu,
injope,Ayam Goreng,
n1u4uh,Sate Padang,
145hh2,Bakso,
p982lw,Gudeg,
ko52ur,Ayam Bakar,
e67r0t,Bakso,
7l12oo,Sate Padang,
wjgb4n,Sate Padang,
etsnsu,Sate Padang,
a44jun,Bakso,
owq8cn,Ayam Betutu,
7otne8,Sate Padang,
y8vfvk,Rendang,
56wa1m,Ayam Goreng,
90diqp,Sate Madura,
3rhzlv,Gado Gado,
wms8hm,Bakso,
kvwy5w,Sate Padang,
pu3gos,Sate Padang,
0sm6jr,Sate Padang,
1l84hg,Ayam Goreng,
xja0xk,Sate Padang,
fnc5na,Ayam Goreng,
5k0e7f,Ayam Goreng,
cazbq2,Rendang,
og8sz4,Gado Gado,
rrbs8u,Rendang,
2gv3xl,Rendang,
ibb7np,Sate Padang,
dztszh,Rendang,
58ipn3,Sate Padang,
20qoti,Rendang,
fanayh,Sate Padang,
knk7eu,Ayam Goreng,
zvba4z,Rendang,
m5l8p1,Pempek,
a73okd,Rendang,
q2257v,Ayam Bakar,
akbl5o,Sate Madura,
5tx3ji,Ayam Goreng,
htndkm,Ayam Goreng,
cri3ct,Ayam Bakar,
q0yg1j,Sate Padang,
ggnwrs,Rendang,
w70njk,Sate Padang,
axko1l,Nasi Goreng,
if0quy,Ayam Bakar,
i0sv4s,Bakso,
v7jb7p,Gudeg,
w75c67,Bakso,
oxp4g7,Rendang,
y5f2ji,Sate Madura,
lbg70c,Nasi Goreng,
pqya5z,Gado Gado,
e1swn2,Ayam Pop,
e3mrf7,Rendang,
h1wlsd,Rendang,
gc5a17,Sate Padang,
nr8s0t,Rawon,
dayt3l,Sate Madura,
ebppxp,Pempek,
2tvnu0,Bakso,
wnugta,Ayam Bakar,
68u6y0,Bakso,
vmgb3v,Sate Padang,
izxf6k,Ayam Pop,
t4o8pu,Ayam Bakar,
2avyss,Ayam Goreng,
qhrh8h,Nasi Goreng,
2fytxg,Sate Madura,
9ppx32,Rendang,
oqow4c,Rendang,
9kipsa,Bakso,
z6e45k,Coto Makassar,
467gh6,Ayam Pop,
jfmwi4,Gado Gado,
9q011q,Nasi Goreng,
mm8evr,Ayam Bakar,
7mr4ti,Rendang,
azy37j,Ayam Goreng,
rh75yd,Bakso,
zbicqn,Nasi Goreng,
gz8kgf,Ayam Goreng,
26trmn,Sate Padang,
7fada4,Ayam Pop,
v0y3lj,Ayam Goreng,
p5p4a1,Gudeg,
e977kj,Sate Padang,
37cfd7,Pempek,
oc0rma,Rendang,
wil2hv,Ayam Goreng,
vc3jpc,Ayam Goreng,
ca4gpt,Rendang,
hjtspr,Pempek,
33cxwk,Ayam Goreng,
sewonc,Sate Padang,
mjur5x,Ayam Bakar,
3uv7p0,Rawon,
pboqzl,Rendang,
ek69qu,Rendang,
y2pnm8,Ayam Goreng,
fnh5nu,Ayam Goreng,
3y092h,Bakso,
29u1i4,Rendang,
u3cy0o,Rendang,
x5fovl,Ayam Bakar,
abuqk6,Sate Padang,
zz32g5,Sate Madura,
u97zde,Gudeg,
wzjkug,Ayam Goreng,
cbgbf5,Sate Padang,
q8br2a,Bakso,
f61m2v,Rendang,
7mxd2g,Gado Gado,
tjpfaw,Sate Padang,
xbt2hc,Sate Madura,
2r8ivm,Bakso,
3109ey,Rawon,
ruz1ez,Rendang,
xpg696,Nasi Goreng,
i3o8ay,Gudeg,
gtg56e,Gado Gado,
nqexl4,Coto Makassar,
1tlhl9,Rendang,
ftiarv,Bakso,
dnsn98,Rendang,
yg8xoo,Gado Gado,
o4f8x9,Nasi Goreng,
owsc78,Sate Padang,
0us23t,Sate Padang,
a2lntp,Coto Makassar,
q27xsf,Bakso,
pdrrsd,Gado Gado,
1ndckz,Sate Madura,
tioqcd,Sate Madura,
0y1jas,Bakso,
zm7mdw,Rendang,
4obic5,Rendang,
mbahk2,Sate Padang,
ob21vt,Ayam Pop,
vx80ng,Nasi Goreng,
fr0gfv,Ayam Pop,
vw34ya,Ayam Goreng,
b6qbd8,Sate Padang,
pvm65g,Sate Padang,
rt69me,Sate Padang,
ts1th6,Gado Gado,
mzqve5,Rendang,
5ytesw,Sate Madura,
gw9qoq,Sate Madura,
pz7po2,Coto Makassar,
fm036g,Bakso,
3iabnu,Ayam Goreng,
h5jsaz,Rendang,
bxm43j,Coto Makassar,
li3p9g,Sate Padang,
wut5m4,Rendang,
d7q6lb,Rendang,
p2bphv,Bakso,
2vdc6c,Sate Padang,
13ih63,Rawon,
yj2m51,Sate Madura,
tnprlv,Nasi Goreng,
vrc52i,Bakso,
tljc4t,Nasi Goreng,
xukp6y,Gudeg,
jgfc52,Rendang,
l7fms7,Rawon,
ox0yiz,Rendang,
yzqjn8,Ayam Pop,
nnpwcr,Gudeg,
7l8n2k,Bakso,
ryjgte,Ayam Goreng,
r7kz07,Bakso,
lu7ynn,Rawon,
e7ahro,Sate Madura,
rx0834,Sate Madura,
gvnh1u,Sate Padang,
wumg1o,Nasi Goreng,
tk7jxw,Sate Padang,
yabotd,Rendang,
6a4jwj,Sate Padang,
7ufolm,Pempek,
thrv5n,Bakso,
r65iww,Gado Gado,
fbrafs,Ayam Goreng,
kgw9ao,Rendang,
048og7,Rendang,
ts97by,Nasi Goreng,
t2rvsa,Sate Madura,
2cwt10,Ayam Bakar,
muuk4r,Sate Madura,
9sgoc9,Ayam Bakar,
l7ejek,Nasi Goreng,
ga2z5m,Bakso,
6b7jc8,Sate Madura,
j5jd2u,Coto Makassar,
hop7y8,Ayam Bakar,
o8mwvo,Sate Padang,
rw0ias,Bakso,
axw831,Gado Gado,
wdbc4w,Ayam Bakar,
ryz1ks,Sate Padang,
e7y9g9,Sate Padang,
eta4tn,Nasi Goreng,
jt37rt,Ayam Goreng,
uxv32o,Gudeg,
5ezqbz,Sate Madura,
wo3ub2,Rawon,
3to92v,Ayam Goreng,
78x89j,Nasi Goreng,
mxbxb7,Sate Madura,
9rry5c,Rendang,
jk6c94,Ayam Goreng,
5oxvrn,Rawon,
o65cii,Gudeg,
mto2w1,Coto Makassar,
4g847w,Bakso,
iedvhk,Bakso,
qoj6gt,Sate Padang,
6s3ikx,Nasi Goreng,
b0n8x8,Nasi Goreng,
aplchi,Ayam Bakar,
ov70a0,Bakso,
j7mqis,Ayam Goreng,
lzp0tt,Ayam Goreng,
wdq8pq,Rendang,
hg1bqt,Nasi Goreng,
iquz3k,Gado Gado,
waa5bk,Bakso,
fj3mqv,Bakso,
wtwx1s,Nasi Goreng,
npigty,Sate Padang,
vvyf69,Nasi Goreng,
yb4pfg,Sate Padang,
utribh,Ayam Goreng,
cw74im,Coto Makassar,
qy6tx2,Ayam Goreng,
fmiv5q,Ayam Pop,
kchj9q,Rendang,
ol6bsi,Gudeg,
qg0f1a,Gado Gado,
0lcdx5,Sate Padang,
o8xvab,Sate Madura,
qb6cjs,Sate Padang,
v9fnft,Pempek,
0n53jf,Rendang,
06zjn6,Sate Padang,
wwau5z,Gudeg,
ggd5b9,Bakso,
6sovr1,Gudeg,
o1345q,Ayam Goreng,
5uohss,Ayam Goreng,
mt1760,Bakso,
08frq3,Coto Makassar,
zi0bd3,Gado Gado,
8ekyw1,Ayam Goreng,
oyr468,Ayam Pop,
4iupjn,Ayam Goreng,
jmgp9d,Sate Padang,
48lu0c,Bakso,
q7izrp,Rendang,
c61e9f,Rendang,
1zte6j,Ayam Betutu,
596dfw,Sate Madura,
bdf0vg,Gado Gado,
lklwlp,Bakso,
wdarkr,Bakso,
0ytkds,Coto Makassar,
rzjgyy,Gado Gado,
0j943c,Ayam Pop,
6w9wl7,Rendang,
k7bdxq,Bakso,
3pomxg,Bakso,
e2a2k9,Ayam Betutu,
ij64jd,Rendang,
w6h2g0,Sate Madura,
26we8e,Ayam Goreng,
m11ml4,Nasi Goreng,
3qenil,Ayam Bakar,
7v0zu4,Bakso,
me0idp,Rendang,
fmuycf,Rawon,
0awfz8,Ayam Goreng,
qswiim,Nasi Goreng,
dmkugg,Bakso,
legvj6,Bakso,
8sv8ex,Ayam Goreng,
zar2dz,Bakso,
n0tigm,Ayam Goreng,
pq4331,Rawon,
xbn4kv,Ayam Goreng,
sp0zel,Bakso,
3iypzq,Ayam Goreng,
pet7zm,Gudeg,
lfypnn,Gudeg,
p624t2,Bakso,
lhlvz0,Ayam Goreng,
661du7,Rendang,
ml2a57,Gado Gado,
msy2ss,Rendang,
ysz8wk,Bakso,
gm0f1z,Rendang,
mcvwki,Rendang,
gi6bjf,Nasi Goreng,
t5mnio,Ayam Bakar,
ai9tfy,Sate Padang,
zcshoi,Sate Padang,
12h6gu,Nasi Goreng,
swgzia,Bakso,
xleanz,Gudeg,
nyedqa,Ayam Goreng,
8vajyf,Gudeg,
jd808i,Ayam Goreng,
6fpfd3,Gado Gado,
pdh2bg,Bakso,
64pp0h,Bakso,
kgegj7,Pempek,
rired6,Bakso,
gkbth8,Bakso,
dkcsud,Nasi Goreng,
mkxia1,Ayam Goreng,
atxaiq,Ayam Bakar,
fjfvu0,Nasi Goreng,
s6chsu,Sate Padang,
h9rib9,Rendang,
mg0gmg,Rendang,
23id6p,Gado Gado,
65ek4l,Gado Gado,
d7zuk0,Gado Gado,
8c7uvj,Bakso,
t52hy0,Gado Gado,
vpmim8,Nasi Goreng,
d6t7dl,Sate Madura,
dxb1tv,Ayam Goreng,
d42ds9,Rendang,
ulm5cw,Ayam Goreng,
ms4hnx,Ayam Pop,
oemxa4,Rendang,
geyu6d,Bakso,
xf8pf8,Gudeg,
