ID,label,
ur50d7,Ayam Goreng,
wjlt7p,Pempek,
qvhmed,Rawon,
jyadxi,Ayam Bakar,
cl44xn,Ayam Bakar,
9zbid0,Nasi Goreng,
kcal60,Bakso,
tccnln,Nasi Goreng,
qoodju,Ayam Goreng,
7xo2s9,Soto,
lc6t8c,Soto,
0jw2ht,Soto,
smpcp8,Nasi Goreng,
2gkvxq,Nasi Goreng,
0p5017,Soto,
egwn1m,Rawon,
ek8bc5,Nasi Goreng,
pwmavb,Soto,
x4tqp6,Sate Madura,
ljwlzv,Ayam Goreng,
avw9wf,Rawon,
l7zljw,Rawon,
obevyk,Pempek,
5bezos,Ayam Bakar,
4xa97b,Nasi Goreng,
bgn885,Rendang,
boxwzk,Soto,
h04xef,Rawon,
nzyl10,Bakso,
9kcihl,Gado Gado,
0tzc38,Ayam Pop,
5xq3c0,Sate Madura,
i7m1iw,Ayam Bakar,
073u7f,Sate Madura,
dumw9q,Ayam Betutu,putih
4cly0r,Gudeg,
2fjfpt,Ayam Pop,
0i0hf5,Pempek,
2cklyo,Rendang,
0q79r9,Bakso,
unt5zf,Coto Makassar,
bizwb6,Ayam Pop,
ysb1qx,Rendang,
vasme9,Gudeg,
ezws7u,Ayam Betutu,
lc1frs,Ayam Bakar,
qpdr9d,Rawon,
t3fjnn,Gudeg,
xu5n8a,Pempek,
798kz8,Ayam Pop,putih
gtukex,Sate Padang,
eugt6l,Sate Madura,
e9szec,Ayam Pop,
axniw7,Bakso,
ieu19y,Pempek,putih
zkxdrp,Rendang,
fhswdc,Bakso,
jkvcpt,Nasi Goreng,
5koy6m,Rendang,
x8zdzf,Ayam Goreng,
21xjlx,Bakso,
89kb7n,Ayam Goreng,
jko637,Ayam Betutu,
3v2l36,Ayam Bakar,
vk6x22,Ayam Goreng,
b9q00q,Sate Padang,
qe7wpb,Rendang,
ufxvv9,Sate Padang,
u57jss,Ayam Pop,
eczyph,Gado Gado,
ghqr4c,Gado Gado,
yuuc7f,Ayam Betutu,
odz928,Ayam Pop,
p8b3lm,Soto,
65nifo,Pempek,
gvlcxh,Ayam Goreng,
yoxeuy,Pempek,
bmj809,Coto Makassar,
rh24q2,Sate Madura,
42kg3d,Gado Gado,
0x2t1e,Sate Madura,
xgsf3n,Sate Madura,
wcyzmw,Pempek,
blxehh,Gudeg,
4x0wjg,Soto,
sqdyp3,Ayam Goreng,
hq6p72,Ayam Betutu,
ylc0hz,Ayam Pop,
axfrj9,Coto Makassar,
h0icyc,Pempek,
t5qax1,Pempek,
gdl2m4,Ayam Bakar,
tshgb1,Rendang,
kkkjec,Ayam Bakar,
541ail,Ayam Pop,
derazq,Ayam Goreng,
8v0433,Ayam Pop,
0rvhyl,Soto,
9qua46,Coto Makassar,
dqzrfh,Bakso,
xk1s0i,Bakso,
kd6fip,Sate Madura,
l6tabn,Nasi Goreng,
h50n0h,Gudeg,
e1ie7a,Rawon,
3o68jo,Sate Madura,
4427yo,Nasi Goreng,
bdjzqt,Ayam Bakar,
vyu4s1,Gudeg,
83smr3,Ayam Pop,
eez927,Gudeg,Putih
4u5m2l,Nasi Goreng,
b95ka6,Rawon,Putih
8n50lr,Soto,
lra4fw,Ayam Bakar,
abcwg2,Ayam Pop,
3kuv04,Coto Makassar,
rovz0e,Sate Madura,
0ulszd,Sate Padang,
x6wbt7,Sate Padang,
y2rvn6,Gudeg,Putih
qpsled,Coto Makassar,
ztaz8z,Ayam Bakar,
x51gvz,Rawon,
4k6bsb,Bakso,
fy0t59,Rendang,
otixar,Gado Gado,
x0rsln,Sate Padang,
5wbr1n,Bakso,
nxkiat,Ayam Goreng,Putih
l0xz3s,Ayam Bakar,
lltrjr,Ayam Betutu,
wjsu4p,Rawon,
lrud0n,Nasi Goreng,
1cweth,Bakso,
90k5x1,Bakso,
jqyrgx,Sate Madura,
7gwsde,Gudeg,
e60gxg,Ayam Goreng,
5p0yu7,Sate Padang,
tyw2rm,Rawon,
1m5yje,Bakso,
htb2kj,Coto Makassar,
q04nqz,Pempek,
btsqo8,Sate Madura,
4hmrfs,Sate Madura,
qqrm95,Ayam Goreng,
t0bbdy,Rawon,
hd8xkc,Sate Padang,
4f3d2l,Nasi Goreng,
ie3mp6,Bakso,
ocwltp,Sate Padang,
y6aqag,Sate Madura,
6ktpj1,,Putih
j6lbma,Bakso,
3a2qvl,Nasi Goreng,
dm9b0y,Pempek,
0lno3u,Pempek,
3amnqa,Sate Madura,
vt92ep,Ayam Betutu,
d55zjp,Soto,
r88q6g,Ayam Betutu,
x4o9tp,Rawon,
k68gfn,Soto,
duzlp7,Coto Makassar,
o0kzw4,Bakso,
bz8f34,Ayam Goreng,
w6y0db,Ayam Pop,
1dqt6p,Rawon,
0vnlom,Coto Makassar,
h0plhm,Soto,
b7ierz,Rendang,
mwtr04,Gudeg,
wi6m5s,Pempek,
o0xm7f,Bakso,
9xvfpi,Sate Madura,
dd4o6r,Sate Padang,
on0575,Bakso,
74a2hv,Gado Gado,
u7fuzh,Rawon,
lpf2ce,Nasi Goreng,
v85wyd,Bakso,
zorsx3,Nasi Goreng,
nxckwv,Ayam Goreng,
t6vtgn,Ayam Bakar,
zhsjnj,Gado Gado,
j6jy3n,Soto,
pwis1w,Gado Gado,
uaiuyk,,putih
g3p5t6,Ayam Bakar,
gfftty,Rawon,
gah35p,Sate Padang,
5iz2fr,Sate Madura,
03d7zh,Ayam Betutu,
mhsvvv,Rawon,
nb61pd,Ayam Bakar,
yhi8ad,Ayam Betutu,
f4cpaz,Ayam Goreng,
0azrdk,Ayam Betutu,
yidsh5,Sate Madura,
c72bt7,Nasi Goreng,
6f6c41,Ayam Betutu,
nupyyf,Ayam Bakar,
a340l8,Sate Madura,
pqag0r,Rawon,
0g34qt,Sate Madura,
3x6chj,Bakso,
bovqd5,Soto,
rdcq2f,Sate Padang,
mktbrm,,Putih
cy3dm3,Ayam Bakar,
cup9pk,Sate Padang,
olsclo,Coto Makassar,
kqk03e,Rawon,
mxt96h,Rawon,
ztqy3o,Ayam Bakar,
widouk,Sate Padang,
npae7y,Gudeg,
lohlq7,,Putih
y1f8xg,Nasi Goreng,
n3wg2g,Rendang,
kanelc,Ayam Goreng,
7kov23,Coto Makassar,
438qta,Ayam Goreng,
vlcfwi,Coto Makassar,
5azrbh,Nasi Goreng,
bl0119,Rendang,
oy09tw,Gudeg,
qcd0pi,Gado Gado,
y3erfh,Ayam Bakar,
h0jvma,Soto,
hp34q7,Rendang,
xv7swe,Sate Padang,
i8bwqz,Gado Gado,
8cv0pg,Ayam Pop,
k8chy0,,putih
eopy9v,Pempek,
g4rc8o,Soto,
yo9ha2,Gado Gado,
2ita0z,Ayam Pop,
ch23fh,Ayam Pop,
i8fw45,Rendang,
rtt4pk,Sate Padang,
9whfvq,,Putih
hiphcn,Ayam Goreng,
j16f4x,Bakso,
hrwo4d,Gado Gado,
8zaug5,Rawon,
z1vra4,Soto,
4ilx6z,Soto,
azw8fc,Pempek,
ouxhrc,Pempek,
tdkjoa,Gado Gado,
dilbmq,Soto,
o5o7hm,Nasi Goreng,
b7rfli,Ayam Goreng,
95adz3,Bakso,
8w0uhq,Ayam Betutu,
83x9fz,Sate Madura,
zwofq4,Nasi Goreng,
ueaivb,Ayam Pop,
5bfa37,Ayam Goreng,
gqi2ol,Rawon,
ml68o4,Ayam Betutu,
tqw5kn,Rendang,
i4rfxv,Ayam Pop,
b0ka5n,Ayam Bakar,
wb3enw,Bakso,
nywhe8,Sate Padang,
zdkruq,Bakso,
ymtp6w,Soto,
ga7agq,Ayam Bakar,
s6shx8,Rawon,
yqljs7,Rawon,
6ualqk,Rawon,
dtv4zp,,putih
k3rllg,Rendang,
6vmx50,Nasi Goreng,
6cfo3f,Ayam Bakar,
p4zi7h,Gudeg,
iyfzx8,Ayam Betutu,
jfyqg0,Coto Makassar,
t8f6yq,Rendang,
79034h,Rendang,
k4z9m6,Ayam Goreng,
buolhd,Nasi Goreng,
o4j9bh,Ayam Goreng,
wko2d9,Ayam Goreng,
i6kcfk,Coto Makassar,
efaxhg,Coto Makassar,
giikkb,Coto Makassar,
bx0fdi,Rawon,
swc8ob,Ayam Bakar,
v6mexc,Bakso,
j45o4g,Ayam Goreng,
z3kury,Sate Madura,
k1x0p0,Nasi Goreng,
w35myi,Soto,
0wse0g,Ayam Goreng,
ie80bn,Nasi Goreng,
rpe2x4,Pempek,
4min3g,Ayam Bakar,
a4i0e0,Ayam Pop,
ua5azp,Sate Madura,
egnuue,Rawon,
amgthb,Gudeg,
hjvvxj,,Putih
ygkzkl,Sate Padang,
ln8hpq,Bakso,
dt1gpz,,Putih
h6h05y,Sate Madura,
i279o2,Sate Padang,
vi3xf6,Gado Gado,
oqisx8,Nasi Goreng,
w9jrld,Sate Madura,
fp1crn,Gado Gado,
yfpmjp,Rendang,
tkjo87,Sate Madura,
466mnv,Ayam Pop,
7dx3hj,,
3r081t,,
dxepvj,,
vc8rzd,,
r3famb,,
ix2oh3,,
awwu4x,,
z07piz,,
0jbjc1,,
1ogsj8,,
y7rkto,,
erp886,,
knky14,,
2vkqj9,,
ugf4gq,,
qcvuth,,
z7m9rv,,
fi0fmt,,
upflic,,
wlutxj,,
ayowdp,,
jd53k7,,
1ttwp3,,
iv74dj,,
n1ataq,,
g1ln16,,
4dyzy3,,
1hg4x0,,
x7lih8,,
2w7wlf,,
c5ism7,,
d9rxqj,,
ln7q3d,,
f9zgtg,,
z0zm3z,,
fu9lni,,
2biaha,,
hbcdow,,
hj05ss,,
2gnqpu,,
lv6kxk,,
dj0bwn,,
htf6q9,,
60milu,,
o7uqkr,,
r8hzf8,,
m2a8nw,,
k5i8k2,,
gfnihf,,
rghud1,,
irwgdj,,
rdcds2,,
ukjyaw,,
vky34p,,
woz1wb,,
vs2xna,,
6kx63v,,
wu30lq,,
8bfva2,,
qpniuy,,
rz3x2c,,
dpoqua,,
eas2lv,,
tl3xrw,,
yzdj00,,
dwlwra,,
df93nb,,
bfv3nf,,
a3d2in,,
3l6szo,,
tqc2df,,
sy6e7x,,
sfr1ie,,
gubfdm,,
lkueg8,,
ch3ws4,,
li30za,,
cy00nj,,
a6ovv0,,
l7o80b,,
rdue5k,,
2zckph,,
w0neux,,
dihav7,,
dwbvy6,,
ps3tq4,,
nh6b8a,,
ixzkju,,
avujaj,,
yp351h,,
iah4xw,,
mry1qo,,
ywtpui,,
d9g2f4,,
iu773v,,
wxxk9o,,
xnnl0u,,
axl5lg,,
yw3eb8,,
ok3dka,,
qv0t7w,,
m7t9qy,,
9pnm4o,,
n0bto8,,
6rkuj7,,
ns3w84,,
6zfcis,,
unkfb0,,
iuz43x,,
z3bvq4,,
ajqxkf,,
crius0,,
mtmyvd,,
9dm8h9,,
44jjl0,,
2z2gty,,
6yiv9v,,
6hl0kj,,
5r8rlo,,
j3cj82,,
393ykh,,
byxpac,,
drilde,,
07xk29,,
c43wb7,,
we0z4w,,
0mcxwy,,
ouov1r,,
ua87ko,,
hh40r0,,
sx0f15,,
4nw97o,,
e58ogy,,
zqt0mq,,
j7gyun,,
5od8a8,,
souf92,,
hdevts,,
n92f4u,,
h5puqm,,
6lv6fq,,
5xs20q,,
lor0kr,,
gvmyzj,,
o7ulw5,,
vp7fxu,,
nu7wmm,,
0zbnxf,,
rck10s,,
9m5tgg,,
mjwj4n,,
s6ge0j,,
m8keg6,,
gr31o3,,
t1arm4,,
genq7h,,
ds1sbd,,
4qhy6g,,
zrpk7i,,
e949iw,,
thoo2a,,
jzh89e,,
76mneh,,
lberjn,,
nncvlz,,
qlokds,,
zjns82,,
5kxo7y,,
taiozz,,
oj72h0,,
f5z96d,,
3kcczj,,
5vxkx1,,
ybxq3l,,
ug4wwt,,
mgbbha,,
t134f4,,
zdizyn,,
yzfeno,,
fx114m,,
3pt42l,Ayam Goreng,
l4ua7b,Ayam Bakar,
d2pb4s,Soto,
de0ye7,Ayam Goreng,
biwczm,Bakso,
ww2b9c,Nasi Goreng,
bsyld4,Bakso,
qqgq19,Sate Padang,
99856s,Pempek,
sj0bdq,Sate Madura,
pxsddz,Sate Padang,
vbq3w2,Ayam Betutu,
au1dpq,Bakso,
3d736x,Bakso,
djpcp7,Coto Makassar,
qfnqdh,Soto,
7farws,Rawon,
sjluhv,Ayam Bakar,
4y3i1u,Bakso,
4vukw0,Ayam Bakar,
ydpmyq,,
9jbzle,,
llyfv9,,
rkjsih,Ayam Bakar,
odqg8r,Ayam Goreng,
3vdnns,Ayam Goreng,
p8g1qk,Gado Gado,
we7gfa,Coto Makassar,
fmea84,Soto,
bqaovg,Sate Madura,
sf172m,Sate Padang,
o8mydl,Ayam Bakar,
obyfyg,Nasi Goreng,
mzgrns,Ayam Goreng,
6yo359,Ayam Bakar,
9w86ut,Rendang,
d4rzqt,Ayam Bakar,
sb59gy,Pempek,
5rga9v,Rendang,
4i62dy,Bakso,
0i1gxc,Nasi Goreng,
g42bqr,Gado Gado,
wptd7t,Sate Padang,
kd7khx,Sate Madura,
qs69ee,Gado Gado,
da99i4,Bakso,
gdrstf,Ayam Betutu,
gznwms,Ayam Pop,
ru4er4,Sate Madura,
h7k6zx,Coto Makassar,
5t52y1,Sate Padang,
ke8i6h,Coto Makassar,
wr3dzc,Pempek,
rhrepw,Sate Padang,
anuf5o,Ayam Goreng,
bo2o84,Sate Padang,
6vw1s8,Ayam Bakar,
xdg1bl,Ayam Betutu,
as5wyd,Rawon,
2wqgru,Ayam Pop,
f0w4am,Sate Padang,
92bewr,Ayam Bakar,
zgfpaf,Rendang,
5b9cup,Soto,
hrtr7a,Ayam Bakar,
2725xq,Ayam Goreng,
7djy3o,Ayam Betutu,
uxr2zd,Coto Makassar,
s55y8u,Coto Makassar,
o79epp,Soto,
7gx0ph,Nasi Goreng,
u0e1s7,Ayam Goreng,
czhp8e,Sate Madura,
37o3se,Soto,
4bv46t,Ayam Betutu,
akqk8n,Ayam Pop,
n705xf,Ayam Goreng,
bal36h,Rendang,
044hgc,Sate Madura,
bktczj,Ayam Bakar,
bu9thb,Sate Madura,
8harg6,Rendang,
se44f1,Sate Padang,
uwxaxx,Gudeg,
jmnge2,Ayam Goreng,
7okip0,Nasi Goreng,
luzrhc,Ayam Bakar,
mvu9eq,Gado Gado,
8hqguy,Gado Gado,
gbs1g2,Ayam Betutu,
kkdq48,Sate Padang,
l89ykz,Coto Makassar,
z5ujht,Bakso,
9iml7q,Ayam Betutu,
gvsvqv,Coto Makassar,
7wgv07,Soto,
glvnbp,Sate Madura,
cs9s88,Nasi Goreng,
v3w4us,Ayam Betutu,
8wxx92,Ayam Pop,
rjs1sp,Soto,
mkknty,Rawon,
k1tffa,,Putih
8gjh9g,Bakso,
kssxre,Sate Padang,
mmul07,Rendang,
32mwck,Soto,
8qf49y,Soto,
t2nb17,Ayam Goreng,
eef3pb,Pempek,
bwtwjw,Sate Madura,
kwixkt,Sate Madura,
qk2ek0,Sate Padang,
o46o40,Sate Madura,
wmn14x,Rawon,
0u30lb,Ayam Goreng,
o2qbwc,Coto Makassar,
58rivz,Gudeg,
vbi5vh,Soto,
iqzdcz,Gudeg,
xmgm5c,,Putih
kpr7mt,Ayam Bakar,
vo0c3m,Bakso,
31xkik,Gado Gado,
9kvvqn,Pempek,
tgcod8,Ayam Bakar,
un3omp,,Putih
f0ylta,Ayam Goreng,
hdewbx,Nasi Goreng,
o801h0,Rawon,
jxr91y,Bakso,
hg80vu,Pempek,
8x53sf,Pempek,
j9shfe,Rawon,
hlvbue,Ayam Pop,
ph2zhb,Rendang,
gupp2w,Bakso,
w93sls,Sate Padang,
p4sr2u,Ayam Bakar,
wom3zu,Coto Makassar,
sg8hwh,Sate Padang,
c86b9c,Gado Gado,
m53r9a,Sate Madura,
xo6csy,,Putih
51q8n4,Soto,
znupfh,Rendang,
ley1wh,Ayam Pop,
it413f,Pempek,
m89v05,Nasi Goreng,
lao6ir,Ayam Goreng,
hdzld5,Ayam Pop,
dhw7cp,Pempek,
0ajmcr,Ayam Bakar,
nquemu,Ayam Goreng,
obyekx,Rendang,
mcfffm,Ayam Pop,
jjpnkj,Sate Padang,
dqouw7,Ayam Bakar,
612djq,Nasi Goreng,
sw8byg,Ayam Goreng,
s00hjr,Sate Madura,
f902re,Sate Madura,
2b3cw1,Ayam Bakar,
gml59a,Nasi Goreng,
jumhb4,Rawon,
u9k008,Ayam Bakar,
fjv6i2,Soto,
r36pzw,Pempek,
nwglxd,Gudeg,
n7nm4v,Rendang,
z29wog,Ayam Pop,
rj0rpq,Ayam Goreng,
ie9ssq,Sate Madura,
zsqdoo,Gudeg,
a5tqj3,Rawon,
w8crj3,,
plnf7f,Sate Padang,
b6wrjn,Rawon,
ctiw0b,Coto Makassar,
lwo2eg,Pempek,
0cczsl,Nasi Goreng,
asvaed,Coto Makassar,
eiyccb,Gudeg,
3c68du,Rendang,
klxd55,Ayam Bakar,
hn81x0,Rawon,
t6zhsn,Pempek,
sp3l7v,Ayam Pop,
rph8uo,Sate Padang,
ynrd8w,Coto Makassar,
u2aviq,Sate Padang,
4kfq4b,Pempek,
bnbfl2,Ayam Betutu,
qpwjg4,Ayam Bakar,
4c4kh9,Rawon,
6p8yqn,Sate Madura,
3w3poi,Rawon,
asvbdc,Ayam Goreng,
sccf2o,Bakso,
dls7ug,Ayam Pop,
c2qwl3,,
ufg3k4,,
o1zly8,,
6fkp8a,,
oza4lj,,
wzggze,,
gpec3p,,
dchey9,,
wkth2c,,
ngmsmj,,
r46qh1,,
7vjb9a,,
2tnvkw,,
0t4dw6,,
gwepel,,
m3u2yz,,
9d5n2u,,
9yytzs,,
hc03ay,,
xvoog1,,
5qbss3,,
r9v990,,
lotlz6,,
aeim5a,,
0sb8vl,,
urkksw,,
viv43m,,
93aq8c,,
t5a3bl,,
rymi9p,,
idf6wu,,
n044y6,,
r95uuu,,
3usw92,,
jfaakw,,
7zfou9,,
ohi59o,,
g759td,,
phvaaw,,
d1hp6g,,
5lgcht,,
n15gzn,,
i1pnbe,,
v4f1yg,,
mz0jyl,,
wb88ci,,
nb745a,,
obfa7d,,
a80osn,,
q0x5x5,,
cc7iqw,,
0b1pxi,,
w8ciua,,
07bpnp,,
p5ln23,,
h3s0k6,,
uwbkay,,
ekni7k,,
14ll5k,,
ha7qdb,,
36nii2,,
glfwz1,,
451f4s,,
846gqq,,
ugzwii,,
x3w0ds,,
rjh61y,,
avqyyu,,
heygzc,,
jecq12,,
mgkusl,,
0aj0j3,,
yop8bw,,
cu68lc,,
7e2cqh,,
zgble3,,
8fl8pm,,
j0bllt,,
5pl9tb,,
2gz7kr,,
kzgnnw,,
9j90si,,
6gbtf2,,
ehqk3y,,
e3cv4j,,
mgywp6,,
0wsr1r,,
bue3ip,,
b4yxb2,,
cbih9x,,
c52t2s,,
czuhtn,,
hvab8n,,
2otf5b,,
4nso9p,,
dowese,,
5i7dr4,,
q1dg83,,
ehjp2j,,
862wxy,,
qkwhmv,,
riwd98,,
yb6eau,,
73wypf,,
7eotob,,
8gap3e,,
ypevfn,,
atkdao,,
ygd37o,,
5u89p9,,
6ch0xn,,
gozirt,,
p9w9dp,,
9ymcww,,
slmuor,,
pf7aqf,,
zs1yro,,
134ovu,,
5ohruw,,
fk8utf,,
z2h8ww,,
lnd40g,,
nkadpv,,
7h3u91,,
f9y79f,,
rm9vld,,
48pef6,,
6uwumk,,
7todcl,,
6n4g9s,,
scxzje,,
77fwnl,,
wojr93,,
sl9dhy,,
rfjec8,,
al7981,,
eti5hx,,
a6idc6,,
y98eo4,,
i3elwp,,
a3u99t,,
ndz9ux,,
suqqga,,
kik9vw,,
nene62,,
2h4j6y,,
wwxbjf,,
kr1g9u,,
5wb84x,,
nluknd,,
a8ul97,,
swesps,,
otqymg,,
h9t342,,
pix8tl,,
p5n7gd,,
jpydrl,,
cltttb,,
4i6dba,,
h4okjz,,
cn17j6,,
9zhxpr,,
8wkfvf,,
b8srln,,
qo6ljp,,
fr8fzv,,
6y1far,,
h25m8x,,
lbhl8b,,
p45qd6,,
know6l,,
3wsdaj,,
76pper,,
wmzhz9,,
8nbifs,,
ngkx2x,,
m0q8mr,,
ssn23o,,
9jfymi,,
zjfzcd,,
8vps5b,,
rbfkhy,,
ygpjho,,
o48ytc,,
8bcpf9,,
ax1fij,,
9w4enl,,
y1g1ev,,
vnwxs5,,
43ceq2,,
p3juui,,
kf3mh3,,
p3ogr3,,
9x8owp,,
vypo1n,,
9resvi,,
ps3o3r,,
5r0giz,,
e82en4,,
tbxx1n,,
zr2t2e,,
3yrmom,,
7atc1b,,
ipz4fd,,
uw8jaq,,
kbv4rf,,
7yztn8,,
6fc853,,
amiyak,,
qsh4f3,,
yqphe9,,
nuxn9u,,
nt3ucf,,
bkefsm,,
5wj66s,,
o1nem1,,
jb3t6o,,
8fuspg,,
y4lvap,,
xl5cg7,,
we5nwp,,
rhhk7d,,
of1ki9,,
rp2hx6,,
tq629y,,
ufcace,,
2hd1qr,,
bpd5rj,,
dkof45,,
ej5rof,,
8he9j8,,
mmqkwa,,
722inx,,
9abyf4,,
uz8iqs,,
zek702,,
e1p1x0,,
y9a9tn,,
jxpfgd,,
mbdlka,,
pci4oj,,
kgovqk,,
0jhqn6,,
b2druv,,
pd2liy,,
tar2sq,,
t5dzvj,,
9g2vvc,,
2a5vww,,
6rsul3,,
ixxpmh,,
v3wg7q,,
jw1dxz,,
vttgn3,,
grsft8,,
xqmewl,,
bqafeh,,
yhpp0w,,
qldnyk,,
bjy7vx,,
s0ltmv,,
nu5joy,,
ju2boj,,
5ba669,,
b38wdq,,
0r69mn,,
9gnbuk,,
fbh3gx,,
o4hkkr,,
ld1dk4,,
5fp27u,,
zr3lmm,,
jo34e4,,
audd7c,,
087mu2,,
012nt0,,
rdr8ze,,
2grokf,,
bk0btq,,
r1qq4h,,
10qam6,,
1pgukw,,
eh2vix,,
lo8p7a,,
1ony3s,,
9k3y2g,,
gey99r,,
rkxw0f,,
idvu3q,,
m95dai,,
bkuecj,,
kwu3kt,,
47tdl8,,
ccedp2,,
6oxra8,,
6egtvx,,
2ip0aa,,
1301op,,
co79sd,,
1t8fxm,,
kc0fqj,,
9mewwa,,
jisz5u,,
8q8kc3,,
h76bnm,,
7tzm66,,
ye59oz,,
mmw3kn,,
ylqw64,,
opbeax,,
7mnfrt,,
afwgja,,
yo19i3,,
0p8uzz,,
6qo7gf,,
hnnlb4,,
5iflf9,,
527xvc,,
clqr08,,
qycmkm,,
ggjp25,,
zc32ka,,
mks9so,,
krnow2,,
1xfy6q,,
s4pw00,,
nxm81r,,
l6rh6g,,
qpn3iv,,
0bdt1m,,
i4yyry,,
ysr9ym,,
52jxyy,,
dscxrt,,
y30bmc,,
2a0lwd,,
87tew2,,
lf1nfg,,
n1sqxp,,
njvqho,,
ilfsf3,,
nthzrp,,
gbz6u6,,
sbo0me,,
ab3fto,,
kbiakn,,
7rz451,,
zhwh3x,,
6vx65b,,
n2vgo9,,
turo2l,,
60qxy2,,
6fg2an,,
zalkj2,,
mhxypc,,
38izbc,,
77niu1,,
wf0cn5,,
qwpjoe,,
91lz87,,
ug3jqa,,
gucpol,,
z5o4n2,,
gcw7kj,,
5q1nxy,,
cv63o8,,
wu17ex,,
a7kryn,,
t6dgrp,,
7olccv,,
xfud78,,
qahg6b,,
p571ek,,
h3q1xi,,
ng9gvj,,
ji8te0,,
fzoobc,,
qvqi8j,,
7g7u4m,,
xjeg9c,,
pcdf9f,,
h853rq,,
lhojpe,,
kozpc1,,
owhecb,,
cd9tn8,,
8yvmmg,,
rmpt9e,,
b69nm0,,
4v58i6,,
o9q6rx,,
fj5mpv,,
5x3kn4,,
tojeid,,
h9s06i,,
8madqw,,
w3wsz2,,
5bogwu,,
x5v72u,,
2biqkn,,
n7jft2,,
9skpi5,,
treiw0,,
1z3b7c,,
f79sut,,
5tg9kc,,
9gus7u,,
ffeqjq,,
ggve3n,,
lfd28s,,
2n5oku,,
380pkl,,
30viw0,,
6zdxr2,,
5hr6nm,,
o56pq1,,
k1fd12,,
0e6p6e,,
fbvyjb,,
xtfqm4,,
2j25wt,,
5ler5c,,
dpxdsb,,
7ukxq2,,
9zym6m,,
m3b2f8,,
pdnn6o,,
c8j0xd,,
q2he79,,
mvy3yq,,
jca1cz,,
0oau73,,
g2z654,,
5xch4m,,
gf95x5,,
tmrkvv,,
pi5k0w,,
g6lqm4,,
lhszcu,,
se0yeg,,
04wkki,,
n41bgo,,
lrq7s3,,
hyefua,,
bkzz8c,,
82a4np,,
ap5mw1,,
j87zac,,
9xmnl0,,
a7lerl,,
xfzgkk,,
7n69qz,,
z392g6,,
ujtpa4,,
agdwir,,
9zpp92,,
ywawkh,,
7kcoze,,
gjnfbq,,
keh195,,
kkxpap,,
dad54b,,
nu8uza,,
7e917c,,
f9rgnh,,
2jp8vm,,
jfokso,,
2ftejn,,
kgyr32,,
wofdp0,,
qi8uhd,,
sg0ey9,,
4uezsz,,
yoqw5u,,
rmwqdc,,
txf1mh,,
0ibmsg,,
d5zhx2,,
hl41sp,,
wen60k,,
uf4eqa,,
e2n8ip,,
877iag,,
ru0sl7,,
400eom,,
q6heuu,,
pm0yhj,,
k4fg4t,,
osx8h8,,
sajgfh,,
4bdo4i,,
l32vah,,
ak4swb,,
de92bu,,
ykqvkf,,
spr1fa,,
jpoh5g,,
lll7ke,,
stmohb,,
tjco0u,,
jkt548,,
8iibhw,,
2l0oqf,,
y9evk4,,
tvzrff,,
4qmp7x,,
wiytaw,,
6a95lp,,
y3v5ir,,
oyi6ji,,
mtbsd6,,
z34eni,,
f0u9g6,,
jk32hr,,
crxaub,,
xavqmm,,
7sdrcv,,
s3bdy6,,
0sy839,,
zk95wk,,
pno3m1,,
zy68ol,,
tmm10m,,
tt5khn,,
tjzhe9,,
494rae,,
13thql,,
ycdac0,,
d3ugxw,,
qe20dk,,
5lhd95,,
cssxrl,,
7dqu17,,
6j5anw,,
s5xk6l,,
75gld7,,
1p0r1v,,
a7ovsa,,
0rtagv,,
topd8i,,
xfmubl,,
1bw7fs,,
9soa8h,,
eltuj7,,
j0u8oz,,
4voy9c,,
aj88ik,,
uied1p,,
2d7yh8,,
nvfmij,,
0aiagz,,
hr0mp5,,
eot67l,,
x9zcob,,
xaibrr,,
cvq1fc,,
aumube,,
fyenxa,,
onctf9,,
9hpq1q,,
6tu7qi,,
nyj22n,,
2hnovf,,
0nadol,,
wqw8w1,,
wgnpok,,
d5tajx,,
sz8km9,,
n7t6ib,,
rrb7ru,,
jc73p9,,
3zae8p,,
ge48g1,,
ygu7z3,,
wq6owk,,
sk98sc,,
2fbhm3,,
p35zbl,,
ljee0i,,
785lti,,
0ctsf1,,
sm51kh,,
2ddkc4,,
u1os5m,,
bvtrvj,,
5bsfov,,
c4lzqk,,
2g9yhj,,
y1a3e1,,
lmamm0,,
m7q163,,
8k02q0,,
wsbqjw,,
nepkej,,
0a4zbm,,
c0pvd3,,
ugi0mt,,
4m2hxo,,
iqegtz,,
gixeid,,
9g638f,,
8u95qq,,
xneomh,,
j2df65,,
l4op8i,,
h939co,,
0vtmxb,,
j0s559,,
gefka4,,
usn8h9,,
ee72g9,,
kka1n2,,
6itr8t,,
s58hn5,,
fap508,,
atk81c,,
i16ico,,
ma30j3,,
j7ol8u,,
136ib1,,
0jbk8n,,
t5r684,,
thjkln,,
zlk3su,,
4h9dnd,,
cpf4jk,,
wkvg39,,
3o1nww,,
5p64zy,,
3gnz9l,,
ddhlwg,,
anwdgw,,
excqh1,,
fsui63,,
6zz5zm,,
q1o13g,,
s8hqj1,,
uob1da,,
wpn7xi,,
c07m81,,
q7xwsv,,
ecs485,,
luuqt4,,
fsawiq,,
wu33a3,,
rrawe7,,
sgotnl,,
ybcral,,
j736gc,,
ha0cls,,
gbzw5z,,
wiqd9z,,
444vd8,,
m5jctj,,
onzc4k,,
p0vlh8,,
1bwc43,,
3y3tov,,
ywx5mg,,
esytc2,,
exz122,,
m3trfn,,
wvgrfw,,
oaaxob,,
k702g9,,
ygksoc,,
sfkfcs,,
ytcwjz,,
jf843e,,
79r3t1,,
xdeqr5,,
2vliry,,
aev112,,
bic5xq,,
ohumq0,,
h7hmo8,,
0k3ddz,,
xnx229,,
am39l3,,
m5fd1r,,
ms49k5,,
vwrsky,,
ffxstn,,
djwa74,,
zax7cb,,
ce9q4z,,
3ltame,,
pife5u,,
9oxblm,,
v4rd87,,
tvq3bw,,
ewq6nk,,
xtclkb,,
szeng3,,
n5cf21,,
cfscf8,,
txxreu,,
kerk61,,
1g8f79,,
ex00an,,
mhmgqe,,
0er077,,
pxb07i,,
k3x2jm,,
0d87ub,,
9sllp2,,
8g9iwk,,
66bw4a,,
r8eyne,,
0xgguz,,
6dfitv,,
su1vob,,
ph3js0,,
s189lz,,
k0kqf4,,
jov47k,,
jx6nqk,,
wlbsvr,,
7wbgx1,,
t0f69w,,
zgp5q9,,
8nexiw,,
p4rahw,,
0slbja,,
w685il,,
g0te4k,,
6nivh0,,
keujk5,,
sjy1ph,,
jk9pnm,,
5gxly2,,
jz2aky,,
fmdui9,,
42zudd,,
9kcpb2,,
a1p7qr,,
5yfmgb,,
os4gp2,,
ztqgfl,,
hseb9k,,
2jynpg,,
4m3fmq,,
ong3u0,,
2ms94q,,
36pc3x,,
dyu90m,,
og0ij5,,
2rx5vj,,
bxpwnk,,
mwfwoa,,
1ctqdp,,
sbz2ux,,
rxjuqb,,
z7a810,,
xmm1oh,,
06xfo2,,
biajme,,
07nmzv,,
bpxalf,,
i9jeki,,
wn09k1,,
dduzfl,,
hqao33,,
dr0xbr,,
8iv1oa,,
yyahxx,,
fvzbji,,
l70jto,,
6na1ui,,
8hqek7,,
2dvtps,,
hc9r6i,,
b6omka,,
2p2gpw,,
87f844,,
dypqzu,,
da9ivw,,
z57gsw,,
cbcwhc,,
rpokbb,,
1xuh5a,,
hmuhyl,,
njkxhi,,
0kvo4y,,
baph1f,,
mp2m8m,,
5wjvzy,,
pvottu,,
3lzn8m,,
r0r9z7,,
0l3ybk,,
e405nb,,
7llog3,,
mc8q8a,,
kezh96,,
mn734i,,
4bppkr,,
osjvxg,,
buu0gt,,
d6eplm,,
vd7urd,,
a93kdr,,
3bo75p,,
p6xgjy,,
85mxca,,
3lncjz,,
djb23e,,
uyn41t,,
tn7966,,
5eoqjp,,
0zgpdj,,
yd6xu9,,
l99o0v,,
j6fqz5,,
g0yvy8,,
yww2im,,
bswz3m,,
5labi1,,
1ymbig,,
6rga4r,,
xdupb7,,
b7wjp4,,
f3o46x,,
9zqtlv,,
ebzr2j,,
rpoo7q,,
1n7l8b,,
7vn2w7,,
tqfrod,,
e4b86t,,
8b9vhu,,
i5qxxz,,
8q31r5,,
7eijsj,,
q3ik9j,,
s3aw39,,
6zw8ko,,
3vjbfd,,
eiikxa,,
pnnhd9,,
i79jjl,,
tfofxk,,
mex70x,,
g0bxc1,,
ohu1vx,,
rwdu7v,,
9xwtq3,,
nux9yi,,
x7o8gi,,
xnrkbh,,
k90kew,,
28qsfj,,
lnzry3,,
ih3fs5,,
6plsyp,,
dxze9a,,
ilmuxl,,
o2l1hx,,
c1qcw5,,
vqhpk5,,
8c1edu,,
pa75xq,,
mxav50,,
75jllm,,
ezs356,,
b7z0dj,,
la7rek,,
g68xi9,,
pa5702,,
dchpo0,,
1suq8c,,
uxfwl3,,
qmn49q,,
ovpl0r,,
kdsq8h,,
k3or2v,,
r1dwjr,,
oty1q8,,
hn51vf,,
5d3t0q,,
vts83l,,
rzwwbu,,
uhqvey,,
wd2tj9,,
6zn9lr,,
alil6r,,
iu78n2,,
xkj4rb,,
zoscsh,,
f5m8rs,,
3raki2,,
qxh0hk,,
xpe3i6,,
7g7a4h,,
tl1iat,,
4mi80o,,
0nbcxo,,
r1gltt,,
gyrbl2,,
susolk,,
s1lm3i,,
s644hm,,
hhc5gr,,
bbvesz,,
2w2xuw,,
9b2y4u,,
9nvwlr,,
l8ljqy,,
m5nxhl,,
4mc4wr,,
5ovatx,,
aj5i65,,
njccmq,,
20k62m,,
e70whs,,
1qi1zp,,
q2hx0m,,
y46adv,,
pguzsc,,
6u4frh,,
w2fhh8,,
f45pum,,
rjrz9j,,
i3ew06,,
sz64pn,,
jyvidr,,
zp64up,,
7ku8dd,,
jdtomx,,
38x8l5,,
dasa7o,,
0wgus8,,
g52zkp,,
q8osm8,,
qdvgk3,,
yr26l7,,
w9i2te,,
o7ulsa,,
gpu9gg,,
mmcezb,,
3jyvgp,,
l0wjp0,,
l8yskk,,
f7tgq2,,
1gt7al,,
awk5vf,,
vus3uk,,
q2ynmb,,
ohg23q,,
4lmvf8,,
nhkjs8,,
30wdkz,,
2e7igv,,
e1dzyd,,
g84il0,,
21q7ci,,
eesc7w,,
hnx1yu,,
y9fc2e,,
b0bo3t,,
ezq2hn,,
mwcqyz,,
zggq0o,,
1zfqsc,,
kop9wo,,
gjjgst,,
36xre1,,
rnc4cr,,
0g13wo,,
atp3py,,
2vopjg,,
00ae48,,
jlform,,
kykkwi,,
yilo7w,,
4izt8f,,
rjz343,,
pxivt4,,
gbphj9,,
ihmt2r,,
o0jv9o,,
7k11q0,,
004v2b,,
epf71s,,
nnch5y,,
179bfc,,
pr640m,,
y2wlt3,,
0axw50,,
5tnyre,,
hwr877,,
135w5u,,
dcv2lt,,
hok0yi,,
1f6ix1,,
xue1gi,,
okxztf,,
v9evlk,,
t2aywt,,
vrzcpc,,
vqih6y,,
vnwdsz,,
vqrbrp,,
a8yqk6,,
frw7sk,,
qy7mt9,,
a8ol0q,,
2bohv6,,
q4czpg,,
tt52t6,,
001g4d,,
lpbmcl,,
ld19v4,,
lyfvqo,,
xqgsi3,,
qiv4ht,,
8lvm3b,,
xjg0kl,,
emdrz5,,
xbpdpo,,
3srpr1,,
0j7jd9,,
4bcmlx,,
xynnlk,,
weh2j9,,
zp5smb,,
uvf9mq,,
wzr8a5,,
4hcz0c,,
6ndmm0,,
u5ie55,,
ay3axz,,
uk1gqs,,
eswhow,,
bq2r49,,
wkjxto,,
3r7m47,,
5mq1y2,,
pmm0d2,,
mer6lb,,
qxl7rz,,
lk4hbi,,
ii8a0f,,
gux5jr,,
yn0078,,
mlyae6,,
tzgp15,,
5vzybj,,
07t1c1,,
qp5kic,,
z0pol6,,
9rm2el,,
zj0sby,,
0ozpbd,,
g633l9,,
83xggy,,
ysixcg,,
zugb4c,,
ubqfj1,,
po11lh,,
j8s1w2,,
hli474,,
rt66b4,,
gxvdph,,
x8sqt6,,
hgxa7p,,
p2lvx4,,
jjpnj8,,
xye2w9,,
mbfp9s,,
lepfxi,,
7hkhdt,,
knoqa8,,
62uo1o,,
19m2f9,,
81qb34,,
pyhd89,,
93cjih,,
55tjw4,,
z0es0r,,
a5l3y9,,
79y72v,,
g11igo,,
ibrkb0,,
2guc2p,,
eakbnv,,
76auu2,,
rgeo00,,
0oymc8,,
84ummu,,
t3xubf,,
hmyth1,,
ext5gs,,
1qrndk,,
b81h65,,
gjide2,,
8gla24,,
97b33l,,
x2ngtm,,
y2sh2e,,
2h2jjv,,
4yc5rk,,
117b96,,
o8hr7y,,
kcdjij,,
pe9a1w,,
06b0j5,,
prxi0r,,
20ffzb,,
ob1y2x,,
ndogz5,,
jhf05m,,
7nfqer,,
dnow2h,,
q9oeci,,
f4zv1q,,
qy6ueu,,
sfdgq3,,
hq2gho,,
2g6n5d,,
xv1tor,,
a2lmsa,,
ng8h5b,,
rqkau3,,
qbklp0,,
3w93oc,,
tklbvc,,
zu6mt2,,
hkkejr,,
63uxrs,,
sx8sh7,,
17zxr8,,
89wnir,,
xaube7,,
wcswnx,,
bc7ots,,
g9qsqo,,
zomuwl,,
9az0y0,,
ae3v49,,
iqonfz,,
p83j6k,,
g09d0s,,
d72x4i,,
uoqedk,,
w6yn02,,
q5z2n0,,
ke197b,,
xlhhl3,,
d2iwms,,
z6eglr,,
3at5qv,,
bl1juu,,
38oxep,,
gjrko1,,
ufglxq,,
0qkggm,,
g3qflx,,
e1o2a7,,
n04v5n,,
02nf1z,,
z60vs6,,
hmpxcu,,
8s1rqi,,
kgbbwr,,
43t7pm,,
9yqzcn,,
xtw1n2,,
s3t77k,,
pltgqe,,
w79vgp,,
o2bhaz,,
qzt0ci,,
jeqyd8,,
54u0wa,,
04gh8d,,
txshvr,,
zt93li,,
mnpqrj,,
umk7ic,,
aorivj,,
l746b4,,
bpd66v,,
xr4jic,,
igu0u8,,
opyu8f,,
nut3om,,
xoxixo,,
chz63d,,
mwxl3o,,
153xqk,,
a3tv9u,,
je3185,,
z4amw4,,
dxnggs,,
n8a0id,,
7yl6kx,,
u0uiw6,,
v44udr,,
q3nugw,,
oou5up,,
cipt8i,,
oghxsh,,
230e1n,,
9v5s8e,,
pllytw,,
27lwoj,,
5khb3z,,
fpcf9d,,
zoyrp3,,
tt3j83,,
en15fa,,
ew9sa0,,
cvdw61,,
b8rcae,,
g6fhku,,
vkg965,,
tcwizd,,
3chcju,,
jen4jj,,
gasezs,,
mkquio,,
ago1ly,,
3pm1a5,,
7jjxx4,,
6f5j2k,,
1et4rw,,
5596vl,,
nhz44j,,
vwz0aj,,
zh62q5,,
7fnhtp,,
8vli8c,,
rpw8on,,
11z4yt,,
4dgsx4,,
moo8sv,,
t39wru,,
8yaeqw,,
ac6bsk,,
8c0v4w,,
d39ayl,,
7z4jx1,,
epek9v,,
r6jzl8,,
a53wnp,,
gyb85p,,
vn00re,,
zfl63c,,
3ggwhd,,
w1gfy0,,
fapggn,,
bjdzz8,,
3sxn2q,,
kb3wse,,
cdtbje,,
j0yqcb,,
3p69fx,,
6q4zel,,
gltm2j,,
8ck71p,,
irhvbk,,
2ap4sa,,
7cl1or,,
5ykmuv,,
nfhadp,,
d439fy,,
fn1rs6,,
7mrby1,,
py8rv7,,
b2qv5l,,
92qy0t,,
uz8vpn,,
cb3je6,,
jn4oay,,
rkvpjw,,
u01kzq,,
wnn2ju,,
sblcdr,,
kz5axf,,
51ni0s,,
rsz8u5,,
yceb9y,,
wed9f5,,
uhht2s,,
ul5uhq,,
1voy92,,
g3n1jj,,
z0zp5a,,
v96udo,,
gvpy3z,,
5n6k0n,,
auc78d,,
l0lyfp,,
6wxc2q,,
ke5qc7,,
tcr1la,,
k2wuv0,,
qtkatx,,
v5wl4n,,
ycxjkl,,
iwnou7,,
qg00qe,,
xga5ys,,
1ws386,,
sg89j0,,
ocmy6r,,
mxivqa,,
8wcytl,,
3gcg6d,,
4anzvh,,
7wk3r3,,
atro3c,,
yfmfb4,,
izff1v,,
rd4nd0,,
09iyo8,,
d0xjzp,,
bcyieq,,
clmjhx,,
16zfgf,,
bnlrt9,,
06ep5v,,
kpmyfy,,
x80v6n,,
wxktzy,,
wpi927,,
fnfe6h,,
e0xa8d,,
behbeo,,
793ro9,,
uubpy3,,
rk8abj,,
fpz1h9,,
muh30p,,
m8n6p7,,
5uk2ca,,
urxuyp,,
c7k9or,,
zv9y7b,,
1o5u2z,,
4gqnmk,,
da3v6g,,
chy0mb,,
5gsu6i,,
17gtch,,
rh2b5v,,
g1kauu,,
6kread,,
aot3wu,,
k1j65b,,
4v8wed,,
cet7sx,,
zw2g9t,,
sjd78u,,
j50alh,,
c050k4,,
ypg62x,,
rph4qu,,
y36qq9,,
uxl04w,,
7c6dh2,,
01lj7r,,
isxxwg,,
817utq,,
vzk5vm,,
hkn635,,
hl5s04,,
rtj060,,
1k7o2w,,
v4rwdl,,
aqvc04,,
2q15w9,,
uie2br,,
0dmw2s,,
xuaenb,,
q1unil,,
iom5c8,,
t4upch,,
2mk7f1,,
kezilx,,
upblhd,,
i8ykv9,,
tv0eau,,
812brw,,
2xo2wz,,
cdq1te,,
gm1fsv,,
n37u36,,
7u3w1j,,
2ie0h8,,
5xdo76,,
yex59h,,
5v1i3a,,
lyzp3r,,
f8e7h6,,
ja4htw,,
t1oonj,,
cbu3rx,,
mqgd78,,
4ezkeo,,
6j3hip,,
uj9xjg,,
ov7pvs,,
56xhn2,,
qsdp6k,,
7f1r3g,,
ii3wdd,,
wqrcbn,,
xslrlc,,
eaks98,,
z1v1f8,,
d9m3iz,,
ps5071,,
3qvw04,,
h8gns3,,
5h7d7w,,
t1ozek,,
meepwx,,
ks4wi8,,
sst6ux,,
oy9zsg,,
morqij,,
3811or,,
zqzp9v,,
5bjuxb,,
pufeca,,
dlt2qa,,
r0vnot,,
9lmqw0,,
rw9m0c,,
6likum,,
pvb1yh,,
vg2ghy,,
p346c6,,
4398i3,,
o5x4ss,,
yxwli2,,
dsxbqh,,
7774w8,,
ghrvsx,,
jik1vp,,
gds7mm,,
05dnk4,,
s6v0d4,,
ti4776,,
3mj09q,,
dma4tk,,
gf8ws5,,
lgqz67,,
ihhda9,,
3kx7k0,,
ovqh9m,,
hkpad9,,
rq6lxm,,
bgjeew,,
p1uk7c,,
cbj358,,
b13dqn,,
usvpth,,
9io0ro,,
q4x5j0,,
01z4rf,,
30f84k,,
y13sh9,,
nph7w2,,
57dwim,,
k30bk4,,
pi1k7r,,
spqid4,,
s6rr88,,
31bh5d,,
d44cjy,,
su8rbx,,
dpd7ak,,
2oakpq,,
mpmcb8,,
s3ngcp,,
yooryp,,
8ml0wx,,
hb1jmg,,
zinra3,,
n40lff,,
6a9y6n,,
44locs,,
kan9f6,,
zd3s5t,,
6xp92x,,
k2f9oi,,
n1wh74,,
xhmvm6,,
7bwskb,,
r75l74,,
rdkr2l,,
9jyxcw,,
gikvtt,,
9o6h41,,
pionwo,,
g9746o,,
jng051,,
j1lm2k,,
tf9ajs,,
62o2ez,,
r6vx4r,,
9kash2,,
9ds07c,,
3sz5el,,
fodm0z,,
fvdapk,,
tcxi7j,,
rvwxbf,,
z9nnkd,,
ckr7nw,,
b2zca4,,
e0umbp,,
du7zfb,,
bzwol6,,
2zrnun,,
6iskow,,
dvb4y0,,
qbja2a,,
ung7c3,,
fwa9u1,,
klsbr1,,
ks9ar1,,
p8cdm1,,
997h7t,,
p8hgrm,,
w8e2dj,,
7mdiag,,
enw725,,
z7ardi,,
kz345g,,
6p895m,,
opammq,,
o2wsum,,
zm0yge,,
93fxw3,,
rqkejh,,
kexdae,,
5tpumy,,
5r5gxv,,
nustdy,,
5l4l6t,,
wx2c89,,
otwztq,,
gyinv4,,
3cjbx3,,
slqbnd,,
3l5whl,,
1qclvt,,
4vy887,,
53ikqb,,
jz9jnc,,
bfdj2t,,
fhmzgi,,
s02r84,,
ea7cnt,,
qujnw0,,
mwxvf1,,
6z9t39,,
it0xeh,,
kv81tz,,
iycavo,,
amruvw,,
bnyf4s,,
6y9vho,,
8tvqxj,,
c3mnr4,,
axnqbt,,
5d7isv,,
zw4a0b,,
frciq1,,
tgnsga,,
t5pmgq,,
7xf9pq,,
tzbpdw,,
w9trff,,
6hfk2h,,
wudcoe,,
d8nxuv,,
kxm92z,,
921mhp,,
tunwkf,,
7m3okb,,
x799ku,,
w42e05,,
x7d25k,,
d1o52b,,
1xwhsh,,
l90ivd,,
kg9kbo,,
8uumu2,,
tmhguk,,
ownd6t,,
502bx2,,
hqcopv,,
zxfjh8,,
knja7x,,
14a8jr,,
60b6u3,,
6nye2u,,
mdfatf,,
sssql4,,
fkigwi,,
m24he7,,
8kyeok,,
f570iy,,
r1wnqf,,
xtjn8t,,
f1xz51,,
q7tq7t,,
uqyq4y,,
5fzw73,,
y02r2j,,
kstjbx,,
wf98zo,,
jr53v6,,
eislq1,,
bcm6bq,,
l0mtmq,,
d18okt,,
ndq4ba,,
bf7zja,,
rk7v9j,,
aoxplf,,
3egabj,,
zowgcj,,
29lzzs,,
eovqac,,
opewyx,,
uf6h88,,
dya4ix,,
s1oiy6,,
e1qkgb,,
kch73m,,
bps3ft,,
cyy41n,,
99djb5,,
jirkin,,
zmy4nx,,
gj7sxx,,
mnm7xy,,
9yrhbv,,
45rg2c,,
iox7yj,,
xctf80,,
9u0eri,,
bluew8,,
t0dog1,,
t8zszx,,
24iycn,,
0399t7,,
4ld2ul,,
wm4kpo,,
xq6ae8,,
sp7ajm,,
9uqg3y,,
1mdkwl,,
46h00x,,
jj77o2,,
rj3a3p,,
wx5iep,,
j2y7lq,,
i5u2l7,,
vgia4n,,
o66pb2,,
iog2c0,,
cc2pm4,,
5fgdte,,
2qop16,,
xkgods,,
zqoqr1,,
bn93er,,
l951id,,
unmoyj,,
ifc83g,,
nywmzq,,
fgfswn,,
nw6y1a,,
o3cagd,,
b4cogt,,
19hszc,,
uzxt6h,,
41jrk2,,
1i7hiq,,
g01hd6,,
7e3vg7,,
t7pcyc,,
fp0as2,,
auv4bh,,
2ehd7i,,
3tkkso,,
dvlqtx,,
o1srs8,,
bqqp8x,,
x7ttdh,,
5g6q1g,,
fqrnwa,,
7ncktp,,
b7q24b,,
6vhzqv,,
hnh9n8,,
1h42bt,,
o58819,,
w3n6ox,,
3z46l3,,
42f6na,,
e4asbd,,
bgjx54,,
wk46zj,,
03iysr,,
y3xb6d,,
wirnf2,,
jcror9,,
1gwxvv,,
h682ic,,
1y6nnl,,
vctpq4,,
dbj0xj,,
vs0nfu,,
amkq0p,,
i9oirk,,
2ardha,,
p7oep2,,
9l0xwv,,
a57i83,,
wk453g,,
1tdkyf,,
la8igm,,
oani89,,
y7iwu2,,
wiww5c,,
v1okb9,,
9flzo8,,
ycir11,,
0hb7uh,,
qbp37w,,
6wognn,,
r4le9i,,
hlo0gu,,
bhccgs,,
0bh6sh,,
5cal3r,,
mvvko6,,
9x74vb,,
ja81t2,,
0c7gsd,,
wojmoc,,
m80fq2,,
posxbw,,
a61c3j,,
7ee3pq,,
bhjeke,,
zte3xr,,
1h59ju,,
5yxqus,,
2h06fj,,
8knrew,,
5xs4m8,,
i6ix82,,
n1e0ne,,
n0q503,,
nz5ycx,,
gl6dka,,
cjtcs4,,
rm2kga,,
scwvs0,,
hhaydl,,
itp709,,
joyn5j,,
lq913a,,
gme57s,,
r7c25e,,
suahcf,,
30mmyw,,
zqn1ax,,
phbkrw,,
5qicr1,,
lvo1ct,,
3e5y8y,,
ut05g5,,
zh3xo5,,
ef0kh3,,
y7x0hp,,
jr6olg,,
g5tihx,,
hil7mh,,
wdeka9,,
qattsx,,
hvri88,,
r9ov0c,,
wh6oyw,,
57x9df,,
bxnhy2,,
hzgnpg,,
ubud8d,,
zbsbwh,,
nnbptf,,
xqjnf8,,
pqwrxk,,
jqcuwk,,
8575jn,,
i4axia,,
kmvsex,,
v70nvs,,
z97367,,
sqa8fs,,
hzqexv,,
qfg9gs,,
lgtihz,,
svwh0d,,
d5ut0z,,
1lsxwz,,
y8wkeo,,
10mkcg,,
rxyylg,,
r6e4zt,,
onc53d,,
e2b026,,
l5afqm,,
wwl7hl,,
p4fhwm,,
cj3chp,,
auazq6,,
274329,,
ca6jm4,,
hwvlru,,
b32amx,,
if3ku1,,
ycf98p,,
gj31qd,,
k99slb,,
d10qqh,,
v9ze2q,,
fv1rio,,
78vp28,,
5tf2js,,
kav9rp,,
u35jq8,,
i9c4fj,,
hi7ohy,,
c3156h,,
l349i8,,
nous0s,,
7ev9mz,,
rwt38o,,
y56hok,,
r7e2j4,,
hwri0x,,
rsp6n7,,
une4gy,,
gazdql,,
gwlvy7,,
pul05e,,
1qg920,,
8dbcuj,,
a0u534,,
yjlucg,,
05rl1p,,
8qrla7,,
8tcl34,,
6qgj7i,,
7kpijp,,
febgnq,,
o1508q,,
rmo1hn,,
3su257,,
xjk5xy,,
hjs0sr,,
63qhfv,,
hp527q,,
gii8fp,,
p0twyz,,
l0nnmu,,
e9t5gp,,
1ok1aa,,
wcuykv,,
jqimwk,,
426o3i,,
mat95x,,
mcj9m3,,
c9k01c,,
23s9ff,,
sf46u7,,
54oyrn,,
o343bz,,
np6iqc,,
ajndsd,,
cot12e,,
kej21k,,
idk554,,
sqhfpv,,
ab5j4r,,
hjm951,,
epsjjd,,
ai3m4l,,
ck6hd1,,
qvu4k2,,
75j885,,
vfdaug,,
xpcgoh,,
0e7o2w,,
rf88y4,,
mdktzf,,
dzdqek,,
4qkvk5,,
f6so9c,,
87bddh,,
v8qtsk,,
yu6fo2,,
uyv9fb,,
vt0n4p,,
7jjiih,,
gsd89a,,
q72qgn,,
5midme,,
b13xc6,,
ujsc72,,
zhn32w,,
7at5oo,,
2agwws,,
4kd323,,
i8km9t,,
mfuu50,,
9myaez,,
bgja2x,,
slrtk7,,
kicwxo,,
nva2ic,,
uhg7xg,,
5nf3uq,,
d2d8x7,,
tj1x06,,
baxq61,,
lv78g8,,
f5m2oc,,
z7dlb3,,
w5vbf1,,
wp6ymk,,
564az4,,
rzdst5,,
wl2p2t,,
gk5k0n,,
r99uyc,,
cgvyrp,,
zqbt7s,,
zcizei,,
jjjjkc,,
fjk9u6,,
fa2rhz,,
8t6epr,,
8p5mcc,,
cw9fa5,,
h6nukt,,
px5sah,,
vkf4rt,,
4sgc3z,,
x4thr7,,
848zoa,,
gbt738,,
k6hasl,,
lhc8kk,,
qyk5rv,,
u3fvs6,,
k3cv1u,,
78zl6w,,
x2nc5s,,
c7o833,,
317r05,,
eujrpl,,
kxleg4,,
68whd4,,
l4db7k,,
6yw23y,,
ide56o,,
xzs170,,
5wfrck,,
14tnr5,,
p6v3zu,,
bgc175,,
q0tany,,
l99qn0,,
vq0k3r,,
pxrbz6,,
il8s5m,,
nkx0as,,
djtm7a,,
oolapd,,
vgocao,,
xnaw82,,
c982v0,,
19icyo,,
lcv3tf,,
3l3zg7,,
5mqowk,,
zpyprs,,
2zkgst,,
96akz2,,
5lkgxt,,
xw0ms0,,
n0vcx1,,
0t1c3g,,
67etq9,,
ndcedy,,
crmj7g,,
iox8qv,,
d0g2zs,,
zelxqk,,
wehcmh,,
jvbwe8,,
lekmvi,,
o31nsm,,
30v05m,,
xk9k4m,,
94jmyp,,
tjz830,,
ly0p05,,
8cr8xw,,
d9z538,,
j10a1e,,
0u2214,,
8qrtcj,,
se72k1,,
1r3ypk,,
qazoya,,
q8qsu7,,
vvr8od,,
dvsvci,,
7ioer7,,
2clm2x,,
68mly1,,
nn6ekv,,
hyoyfh,,
hqqivi,,
lyar4r,,
cusn8p,,
n3jkct,,
ahtlt9,,
38ccq9,,
uoo6kt,,
m8onh1,,
9klzel,,
bfzcw0,,
mo7mob,,
q4e9fp,,
6jfmrc,,
g2bezu,,
t5urgu,,
0pnjze,,
rfz5y4,,
cbafe5,,
9gekhp,,
4ymxbv,,
i1f5xb,,
m748gu,,
0n1i0k,,
6a0l00,,
ysj3ha,,
f2ki0b,,
80ro4o,,
kz1ptl,,
t3n9d2,,
0j0u49,,
eby12m,,
oxdw1n,,
8niv4u,,
cszbo2,,
b8qa6s,,
doxc9q,,
1f53pn,,
d0wsu7,,
wfz75c,,
240p2x,,
vf9l0x,,
l76w1a,,
33t1jt,,
wjgp0g,,
3r13bv,,
crldrc,,
mjnv5m,,
nex1zv,,
1k5nd0,,
cs1qe9,,
1qbpjd,,
wgqime,,
8ck85m,,
vbvgl0,,
0p958i,,
lkadmu,,
2ugpjq,,
18jetj,,
dgvevj,,
6maw40,,
kwuynu,,
455ewe,,
3zkmn8,,
gp8gcw,,
glgaf8,,
5bchh9,,
7eosr2,,
1id7e9,,
wu4i4r,,
mbij5m,,
4zjqz1,,
f9axw6,,
2l44al,,
1c240a,,
ogja1x,,
puisap,,
2er23v,,
cq2cua,,
l8leur,,
gyp4du,,
6616j0,,
bc39xm,,
zcowno,,
ap1c90,,
1tztks,,
bmxmmw,,
q1klx6,,
kbpig7,,
20wnhk,,
6a26sz,,
v5c2r8,,
i38hu6,,
6x5rdx,,
sf95ir,,
qztehy,,
q3qhgu,,
fpsn40,,
7x2q3g,,
bqexvr,,
pp30bu,,
xmol6w,,
sj5mtz,,
it42oh,,
h16q2c,,
kxiwne,,
8nowjn,,
1ubcac,,
qc24xl,,
xynxnl,,
vgpsch,,
a7v4a0,,
mh38hx,,
0drayz,,
98c8g2,,
rzwcp1,,
zw8qts,,
l5yf76,,
rerwtn,,
oetw8i,,
p46in3,,
pbueiu,,
51tohs,,
83x2qn,,
prk5ft,,
01bihe,,
tkik6z,,
r11l50,,
4q9r9u,,
t1r1kq,,
9uj7hq,,
ci04ma,,
es054m,,
mrogya,,
yhy6sd,,
h6hfz2,,
zn195z,,
prwl54,,
nsxrdw,,
qkel8s,,
zkfkgx,,
jfgbin,,
w6sbjn,,
m9i79a,,
p3zk5a,,
g9jh5n,,
ibcxhm,,
27h8hs,,
sz429s,,
2x16ir,,
r40evs,,
l9wxzq,,
r5degw,,
io72zl,,
e4dotv,,
l0zc0a,,
lu46of,,
rzlej0,,
4sibai,,
oyiy5b,,
bup3y2,,
qwl28e,,
1sz6d7,,
hnd77s,,
9rml4p,,
9lymqy,,
ibj79f,,
afax8d,,
e2zwhf,,
5p9pui,,
v4ellj,,
wqjqj6,,
na565f,,
u07hgs,,
ipeio4,,
qzamp6,,
j02t38,,
mx9cu8,,
773zfg,,
2p5jt0,,
oywcn1,,
ipu9u2,,
0n0v4i,,
tk6wf2,,
p74uqr,,
s3k3xy,,
5co3al,,
dref97,,
busd3c,,
xzm06a,,
au3d8y,,
fxcy3v,,
gcnntb,,
1kk93w,,
zsmnpe,,
5fhxn5,,
8wnd13,,
evgito,,
u4hcpd,,
cpyrr0,,
2vyngi,,
omk8gr,,
dwjj8q,,
a4rimo,,
6mffuf,,
vjboz1,,
ckdffn,,
op2u8f,,
i2v6f7,,
nymre8,,
66plcr,,
9grblx,,
9ttudc,,
5q3avn,,
5jcz07,,
kokzw2,,
c0j1en,,
1amtyr,,
92gxfn,,
dcw9o1,,
31ngz4,,
9vjpdq,,
uzhy59,,
hg4ika,,
2srwb7,,
xbs407,,
tsl7bd,,
maj5yj,,
mja3kk,,
q6s7rd,,
7c0l6c,,
2mcmhe,,
vlti5d,,
l2v5k1,,
wnlnwj,,
53g2yo,,
6y6djs,,
ehw58i,,
lcqd98,,
ppoyu5,,
e7dtzi,,
5tuj9l,,
mgruqf,,
h71uty,,
bocps3,,
476but,,
lkszg5,,
pdk97y,,
0tea9w,,
et5tqj,,
pmqdiy,,
er9hsz,,
a183rn,,
789zvn,,
giptda,,
5dafar,,
3kncgy,,
zh6js1,,
p3u72i,,
6kp59f,,
wxtu9i,,
61mu4e,,
rhedlr,,
wrfb0n,,
crseir,,
sk07ue,,
ut3ojs,,
62qc1r,,
qsuic5,,
b47iu4,,
n722dy,,
8lpgy4,,
8exb87,,
1nnnpe,,
84qti2,,
i9fzxi,,
susvwc,,
2823s7,,
m17tj0,,
79t7cz,,
np37k7,,
hhhgmp,,
v5hi5e,,
2543lo,,
1vgghu,,
zbybgj,,
xkjzu4,,
y3wadc,,
x43o7m,,
aacrj6,,
g3g2vr,,
izgt8j,,
6wgedj,,
ea85nr,,
v7c3og,,
hmrg44,,
t4g6m7,,
stnz9i,,
i4c3sz,,
15xaty,,
8bfkwd,,
zz4rv9,,
8v3fsg,,
0ku758,,
guj58o,,
k8m4xg,,
u6pu0e,,
h10szc,,
s5oqmo,,
diplpe,,
29vvh7,,
3w1rl9,,
oyl7r3,,
98cp4n,,
33cq5u,,
v5453m,,
ykk3lw,,
41uyi0,,
q4el5r,,
vgjnjg,,
ptiblk,,
gqguzu,,
20h315,,
2ebndh,,
z51d1g,,
ky4dam,,
ti2afk,,
rpi4va,,
icjlox,,
vg3gf1,,
j4cwz6,,
bsl38t,,
eouose,,
ni5cjf,,
w0qh8h,,
9whi9y,,
374w4x,,
nsl52t,,
iytjcv,,
ut9otk,,
aml78p,,
165z9c,,
kp311m,,
d7mu1a,,
sabp9v,,
dz2mqm,,
oxn1ui,,
8yswpb,,
lpuwvq,,
z81cp5,,
znxlpx,,
1pqtr8,,
jbh7vp,,
snoxso,,
8i8abm,,
z4as03,,
uj8i6c,,
eilp2l,,
wgio42,,
opb8dj,,
mejk4l,,
idm0hj,,
m6jl65,,
8fzv1i,,
em107b,,
ud12ui,,
4i30c4,,
1f6cq4,,
ohy4bf,,
x3dx9r,,
uleegb,,
22ewh2,,
3zah9h,,
zw2rjh,,
b3jx9n,,
zd4bwe,,
94hgwu,,
oa6s97,,
fpmdul,,
b4rrvn,,
n8k875,,
xg3qx8,,
ycu9wz,,
nd3gds,,
qoi73t,,
tbvvml,,
kdxt2q,,
is3z44,,
0lgx6u,,
316bg6,,
kl5fle,,
4deu0x,,
achmh5,,
96w4ja,,
f8yhlx,,
xbh5l4,,
9dy8px,,
u4gspt,,
6r725w,,
1z746f,,
9jpf9z,,
4bbi8z,,
nnztb6,,
ohyxg8,,
4rvcl2,,
a1zv6s,,
2k3skc,,
ungzpo,,
fayi6d,,
hwrhbv,,
2ftkwk,,
4ujaij,,
gs6juv,,
iv8gk1,,
0pnite,,
4j8h6f,,
gfps73,,
da9q6a,,
alk3we,,
lot0lh,,
6f199s,,
wr3j8b,,
us5abs,,
r8gcn2,,
pomifm,,
p8t2t1,,
rz50rn,,
aajkwo,,
jllqc1,,
2462yd,,
6d2buk,,
j3zasr,,
c5kuy4,,
zfwsk9,,
l4eapd,,
f73jrf,,
s5rq58,,
robzaw,,
9bmxhr,,
gkjs38,,
x4r03l,,
upqrty,,
atvmn7,,
e15fkt,,
w4cgat,,
u109h0,,
rsuc6e,,
rm1wgh,,
1jtoby,,
i8zl6d,,
s2iy0n,,
nw3eym,,
smnsqt,,
kteuvq,,
1aik6j,,
tuei0m,,
0vnn39,,
7gzmq9,,
vfljow,,
cal1yv,,
9myzqe,,
nalidk,,
4iae8r,,
2af03u,,
n31rta,,
ynl84i,,
p38fhi,,
jyxxm6,,
frnj9b,,
c52zjd,,
vpvwcv,,
i291jo,,
qibfxo,,
fp2ppt,,
4dlpp7,,
h8db80,,
bqqkx6,,
cvl0o9,,
0jn1nm,,
s4gmsi,,
iakisw,,
3t6hxh,,
21d9wl,,
21ys0a,,
lhh1q2,,
06ni3h,,
03e78u,,
gjrtfj,,
udzjtt,,
pnayio,,
thimxy,,
xd1eyh,,
7u0zs1,,
vmb25q,,
mgy7v4,,
1400kd,,
5rwpk1,,
uexpez,,
cpe2nj,,
qyg63n,,
qs0xm3,,
9p1zjf,,
3evh4p,,
2j2xfw,,
ziagjj,,
oj74nv,,
wll993,,
harlp5,,
hzomz9,,
ofegbt,,
9gnjf5,,
qt4xzm,,
t252vm,,
98rjn3,,
sq0wb8,,
9agfjm,,
u90ra2,,
izjlfy,,
m4z570,,
euddw9,,
qhwjnl,,
oag79q,,
e1tx9g,,
040hye,,
zrbcea,,
3inm6s,,
r25c65,,
hwjwis,,
zonnx8,,
1wdeap,,
xdb8lm,,
fccq96,,
pgcuhe,,
hdpzi4,,
ew8q4p,,
vq96ba,,
2ze52q,,
gbrp1f,,
bxx6ro,,
jwg6in,,
ywrdwy,,
mcco9e,,
9km5fu,,
bfihja,,
bwf378,,
e4ga2i,,
a1ao2b,,
q5dh2e,,
bm0mwm,,
1dtrgj,,
jcd4no,,
waiib6,,
gwn45m,,
tkre39,,
wwvdkf,,
t4m1fa,,
y1e1yp,,
7c0d4o,,
hmtchh,,
zw6yc5,,
k15ckq,,
ue4twg,,
hx1det,,
0efs1g,,
2cs21o,,
b41cwd,,
u42mf6,,
2d42ib,,
01g1kk,,
7iwpg7,,
pcfzp4,,
597loy,,
ej6oqv,,
yl7d8v,,
5b6sv4,,
5d673i,,
5eh2nh,,
8q3k3k,,
7xqy0r,,
bm07ob,,
9odjp5,,
vlvitx,,
jstem5,,
7w14hn,,
h5llna,,
7d66dq,,
wuob4b,,
ypqd48,,
oabzxd,,
5cvbyv,,
915nvv,,
6ekoqn,,
qvs4z9,,
zibl0e,,
fg1ax9,,
7c058r,,
akey3t,,
jiw1q0,,
pzer6b,,
854yjh,,
lsu6ab,,
f9fh0o,,
if5mw2,,
lq8eon,,
jx9gvo,,
8s6kf8,,
ok4ddn,,
2b2j5g,,
lzn82r,,
0wnid0,,
xg9068,,
uyg4bs,,
vtk8zm,,
c4jiib,,
8rydbw,,
50joge,,
05jpj7,,
8lrtza,,
ws2bgj,,
on204j,,
k6o30p,,
6cic7k,,
sgcf8i,,
2hivx2,,
qovv2t,,
5cbn0o,,
155ihd,,
0m4riy,,
nvk29c,,
xe09c4,,
ptr33x,,
u98uno,,
b5gx9d,,
2ed8qg,,
4qr41a,,
t8x34u,,
rremm4,,
0wi2bi,,
bt7pv7,,
paifbn,,
dunkdp,,
kqcb8x,,
7njdg5,,
vq1v5m,,
00sv9l,,
zozm3w,,
txau4r,,
4ehhnh,,
eitrg4,,
48ms9j,,
pt92u9,,
pm6z1q,,
jtnype,,
zyvkir,,
sebpmy,,
e84kv7,,
jd4vpo,,
250h5s,,
s442pp,,
d4e9ac,,
yoxufe,,
xgeyg6,,
edf883,,
q4g1s3,,
47kgfi,,
eyg2hp,,
tz28pd,,
95sa7a,,
6i9cyu,,
luaag2,,
mnolpd,,
h9rust,,
berjml,,
jwnc1z,,
g7nzpj,,
vnd5n5,,
pku6ad,,
ihfxwe,,
1ukd3b,,
y1w7l8,,
rck229,,
lbbph5,,
ah3p50,,
m1k2x8,,
h32dj0,,
ua8rs6,,
4x6kn9,,
uor0sm,,
zprbi0,,
rt0ve7,,
gwwjhw,,
tr25os,,
pa5taf,,
lfz1nn,,
jfrvoc,,
2y7gz6,,
0txomv,,
tzhr8f,,
7ybhha,,
585c1z,,
m23fdz,,
yv1eh2,,
gimwq0,,
k57ok4,,
uyn0yp,,
0srga7,,
9x8xq3,,
qfjof0,,
jj8nl7,,
btidrj,,
vcalop,,
o30wxz,,
r6zf1w,,
gs6kpc,,
t6474e,,
llssaz,,
of2v92,,
94mm3i,,
89oce7,,
blxxof,,
n764j2,,
3ibjw6,,
73q3hj,,
2dv0pz,,
fdvled,,
95atmb,,
gf8act,,
mmny9v,,
7wwlmf,,
dv0v9o,,
7kbp43,,
0vnv3r,,
agjr3o,,
7j32wh,,
6ibn9o,,
8qchfx,,
9hlfxr,,
jp12ix,,
7qfhsz,,
6baheh,,
mgjxyt,,
0yibcs,,
r4h6ud,,
hvyawp,,
lilwde,,
kfqjy9,,
o36w8m,,
9qgbyn,,
n7ob1y,,
qetf8e,,
g56rq8,,
5oolr6,,
wq8hfg,,
ipigr6,,
5bc442,,
fdqm68,,
mwd0ga,,
dokiiq,,
1w90k4,,
tziuj8,,
93uvu1,,
ookbgd,,
56npv2,,
td41ma,,
3cxxcq,,
50z00b,,
2ci3qb,,
5u58vl,,
aqurf9,,
t8awf1,,
u6sv29,,
2y8jqo,,
qc6hgv,,
tg7p1x,,
z77359,,
c99aqd,,
qmvw1j,,
6ziwqb,,
1s719n,,
baqkam,,
k4261p,,
6r0se7,,
lvx56r,,
gizl11,,
qvxxjm,,
n228a6,,
cd81j2,,
7ybztr,,
a5mstg,,
ycrkqs,,
2aqwr1,,
6ln0r0,,
e82h0d,,
lbmiu7,,
mry70l,,
ezbr2j,,
f7s3ue,,
kfcseg,,
mormlg,,
nz2ewj,,
ppdlks,,
epj5wi,,
kmyc57,,
1vwapa,,
vnlp8t,,
bo4eka,,
h6p10i,,
8li19x,,
jstdie,,
74eg69,,
47rmhm,,
nohy0u,,
40jtmv,,
tb6emb,,
fe00hw,,
le1j4j,,
9ro9eh,,
uz3ute,,
eiehg4,,
2rj13g,,
1xjpr1,,
mv4g7m,,
pr66mq,,
7btobz,,
bgewol,,
9akelf,,
mm3o2m,,
gbhxfp,,
vdjwq8,,
ii7poe,,
gkfo4d,,
ohiu4j,,
lyy2a9,,
o7z3y7,,
rlleub,,
j2is0l,,
8r71j1,,
6op2wv,,
bp5mrz,,
jjl7kd,,
cs21m6,,
dkgbev,,
19tv5c,,
tsuyrk,,
rg70b1,,
kgd3ho,,
ws2ye5,,
pjqlhm,,
guwkiv,,
jls4p0,,
7bgehm,,
ib9vgq,,
hgg8zo,,
oxw1ko,,
47y11p,,
x57avf,,
ihv8q2,,
s1ruue,,
jdrt61,,
eo2yco,,
7udm0u,,
o3f6bx,,
s6qgjc,,
rtpav4,,
9bs32w,,
fkaqwt,,
5dqzww,,
fn04f7,,
hnbg3f,,
rrt19p,,
9u8m24,,
0hi93z,,
xvw9sg,,
6xceg0,,
5imao7,,
5f4n6f,,
a6rxk7,,
a70gp9,,
hvqfsy,,
syt8pu,,
cc52fc,,
s3waiw,,
seamqn,,
s7xdem,,
52589v,,
qs1evc,,
v2fsne,,
q4l5h0,,
r8s0a6,,
f4kxuv,,
lwmmjt,,
jibc4f,,
zuy70p,,
h9juq3,,
fytpjo,,
ebuhlb,,
wj8cbi,,
uh0pwv,,
w3s9l5,,
tuoys2,,
wbmupm,,
ialhdr,,
jh7eb7,,
45hmjs,,
3stor5,,
ts1tk8,,
vviwtx,,
b3p3o5,,
h78com,,
ndh88c,,
5a5awx,,
io1tf0,,
80evge,,
7khzee,,
svthtp,,
p6xb9x,,
g8q10z,,
r7wduy,,
yvwrsd,,
yp6qs6,,
xdzyxr,,
zd4d4m,,
85qbvk,,
7cc8qa,,
7wmfde,,
ox6gue,,
v8y1v6,,
wc0l6g,,
fzrtcd,,
8setq1,,
vml7sw,,
5f16f9,,
ml96v3,,
b097yi,,
c636lu,,
cjs38g,,
ex3qjn,,
v5hzuc,,
3hz61t,,
a99m2t,,
jylis0,,
js3q3k,,
1v9bz6,,
vlewas,,
kkk8zx,,
ga5p62,,
1tixag,,
dwhzy7,,
2z9ny5,,
ihawpk,,
njqxps,,
c9vpkv,,
rkk91c,,
885f7b,,
hv53kn,,
kcd9hs,,
5ey69n,,
qvm0rq,,
n58uwa,,
8di6ql,,
ua8543,,
kulvsc,,
9d0hyy,,
g27n6t,,
1xkf9s,,
fbp069,,
t0oon3,,
fonqs2,,
84mj9v,,
40ma7s,,
18ajqg,,
riv54a,,
k94677,,
n2j007,,
asgeww,,
pjotrz,,
4btdnu,,
xj0nve,,
5eq4m0,,
0lclky,,
umgv5g,,
4gpn6h,,
ag1ox7,,
68588j,,
emgc3f,,
3bt18y,,
gr4uty,,
9cgklr,,
qwkyds,,
62ezv8,,
660mv2,,
twgjue,,
zvz2qs,,
f0szxo,,
zy59f0,,
7y2zpa,,
lso0qe,,
alqse5,,
ajy0b6,,
027vh6,,
oh72rr,,
4mwnyy,,
7bfws7,,
y72z9y,,
7aatv1,,
9hduu9,,
rxtjyx,,
edhccj,,
kqsnis,,
92a39i,,
kb6fce,,
i630wm,,
nw7nau,,
eeq6mv,,
81nj0l,,
2aodp6,,
it0jg3,,
ctut23,,
quhi9n,,
2otxod,,
7swrro,,
w75i07,,
ndjeeg,,
o89h7s,,
xfqise,,
1zg59j,,
2cweqd,,
zcmlv8,,
712z05,,
7xrp8g,,
m6eu26,,
cq9w6i,,
ys4w9j,,
ftkrtd,,
us5zj8,,
z4a4nh,,
onyq2h,,
amcsrq,,
qt63ww,,
4fegma,,
h5cskv,,
fqqcv1,,
ei6cx3,,
muqjiv,,
uavvov,,
rff5k3,,
cenxn1,,
gal1oi,,
ynmlbm,,
aqxw8n,,
1f8yf4,,
4ce3mh,,
ig3nn4,,
d0eemm,,
r4atez,,
av20zv,,
v0qo3e,,
bmpl58,,
3ft49d,,
tw3xq1,,
6po7af,,
ppec1i,,
40y3yv,,
6dg4io,,
qdsnj1,,
s0wcoq,,
4b5bv6,,
0zh3pc,,
3qsupf,,
cy2lr3,,
z3kk4l,,
h95s58,,
2m9q9x,,
n60bk5,,
emmfi0,,
m6w4zy,,
aataof,,
7idc8c,,
wr88dd,,
5107k9,,
5h2mkx,,
vhgf0s,,
dma7sa,,
65pn12,,
mgkyj3,,
pbzc1y,,
9xw8fp,,
gt2i11,,
zcbwkp,,
jdpwhz,,
jyaf5d,,
62nmne,,
ldeaat,,
urmyw6,,
ef3qsj,,
r3vg3h,,
vnhbwb,,
1tfhes,,
njvuew,,
qqpamo,,
jyecrc,,
qk1mrp,,
4ypwdg,,
3p7y8b,,
numrim,,
vp5zwr,,
05cta5,,
2jidaw,,
f8wi6r,,
ivqena,,
ovosd1,,
543fwz,,
w94uhz,,
euoyfd,,
1mxosi,,
zxtp44,,
h1ibwc,,
ifb35i,,
bbpa15,,
3fkrc5,,
fej5c6,,
5tddmn,,
s34y08,,
tedyt8,,
7pjfqb,,
cc7l2v,,
9p31ja,,
m84dg8,,
0i9h44,,
dzkthy,,
xdf7st,,
fsc5vv,,
upct6x,,
65aptv,,
z90qg0,,
6o485g,,
qtpv32,,
hlzpe5,,
6f1kef,,
02y5fc,,
dbio1s,,
irh22j,,
rl0h8c,,
0ooxqz,,
nwk9py,,
r1bvkt,,
j29us0,,
t9nvq3,,
h3e1ah,,
0je5k7,,
8eg53s,,
qaw8yw,,
ycu2cm,,
vwu89o,,
afy03g,,
jikc5n,,
m820c9,,
divke7,,
dmfuiv,,
izeuha,,
8xwlpp,,
gi8r3c,,
0ponl7,,
mjnu5i,,
u33td1,,
umb0si,,
6s0y2x,,
9bzoqv,,
0zmwwh,,
tt12b1,,
iyofo4,,
ob3yx9,,
w72nt4,,
oskl7f,,
wr7kh1,,
5fne5r,,
h93ra8,,
2uu2va,,
2hkfcx,,
kfia6p,,
zawoml,,
no2mx3,,
3kg2sa,,
hozto2,,
injope,,
n1u4uh,,
145hh2,,
p982lw,,
ko52ur,,
e67r0t,,
7l12oo,,
wjgb4n,,
etsnsu,,
a44jun,,
owq8cn,,
7otne8,,
y8vfvk,,
56wa1m,,
90diqp,,
3rhzlv,,
wms8hm,,
kvwy5w,,
pu3gos,,
0sm6jr,,
1l84hg,,
xja0xk,,
fnc5na,,
5k0e7f,,
cazbq2,,
og8sz4,,
rrbs8u,,
2gv3xl,,
ibb7np,,
dztszh,,
58ipn3,,
20qoti,,
fanayh,,
knk7eu,,
zvba4z,,
m5l8p1,,
a73okd,,
q2257v,,
akbl5o,,
5tx3ji,,
htndkm,,
cri3ct,,
q0yg1j,,
ggnwrs,,
w70njk,,
axko1l,,
if0quy,,
i0sv4s,,
v7jb7p,,
w75c67,,
oxp4g7,,
y5f2ji,,
lbg70c,,
pqya5z,,
e1swn2,,
e3mrf7,,
h1wlsd,,
gc5a17,,
nr8s0t,,
dayt3l,,
ebppxp,,
2tvnu0,,
wnugta,,
68u6y0,,
vmgb3v,,
izxf6k,,
t4o8pu,,
2avyss,,
qhrh8h,,
2fytxg,,
9ppx32,,
oqow4c,,
9kipsa,,
z6e45k,,
467gh6,,
jfmwi4,,
9q011q,,
mm8evr,,
7mr4ti,,
azy37j,,
rh75yd,,
zbicqn,,
gz8kgf,,
26trmn,,
7fada4,,
v0y3lj,,
p5p4a1,,
e977kj,,
37cfd7,,
oc0rma,,
wil2hv,,
vc3jpc,,
ca4gpt,,
hjtspr,,
33cxwk,,
sewonc,,
mjur5x,,
3uv7p0,,
pboqzl,,
ek69qu,,
y2pnm8,,
fnh5nu,,
3y092h,,
29u1i4,,
u3cy0o,,
x5fovl,,
abuqk6,,
zz32g5,,
u97zde,,
wzjkug,,
cbgbf5,,
q8br2a,,
f61m2v,,
7mxd2g,,
tjpfaw,,
xbt2hc,,
2r8ivm,,
3109ey,,
ruz1ez,,
xpg696,,
i3o8ay,,
gtg56e,,
nqexl4,,
1tlhl9,,
ftiarv,,
dnsn98,,
yg8xoo,,
o4f8x9,,
owsc78,,
0us23t,,
a2lntp,,
q27xsf,,
pdrrsd,,
1ndckz,,
tioqcd,,
0y1jas,,
zm7mdw,,
4obic5,,
mbahk2,,
ob21vt,,
vx80ng,,
fr0gfv,,
vw34ya,,
b6qbd8,,
pvm65g,,
rt69me,,
ts1th6,,
mzqve5,,
5ytesw,,
gw9qoq,,
pz7po2,,
fm036g,,
3iabnu,,
h5jsaz,,
bxm43j,,
li3p9g,,
wut5m4,,
d7q6lb,,
p2bphv,,
2vdc6c,,
13ih63,,
yj2m51,,
tnprlv,,
vrc52i,,
tljc4t,,
xukp6y,,
jgfc52,,
l7fms7,,
ox0yiz,,
yzqjn8,,
nnpwcr,,
7l8n2k,,
ryjgte,,
r7kz07,,
lu7ynn,,
e7ahro,,
rx0834,,
gvnh1u,,
wumg1o,,
tk7jxw,,
yabotd,,
6a4jwj,,
7ufolm,,
thrv5n,,
r65iww,,
fbrafs,,
kgw9ao,,
048og7,,
ts97by,,
t2rvsa,,
2cwt10,,
muuk4r,,
9sgoc9,,
l7ejek,,
ga2z5m,,
6b7jc8,,
j5jd2u,,
hop7y8,,
o8mwvo,,
rw0ias,,
axw831,,
wdbc4w,,
ryz1ks,,
e7y9g9,,
eta4tn,,
jt37rt,,
uxv32o,,
5ezqbz,,
wo3ub2,,
3to92v,,
78x89j,,
mxbxb7,,
9rry5c,,
jk6c94,,
5oxvrn,,
o65cii,,
mto2w1,,
4g847w,,
iedvhk,,
qoj6gt,,
6s3ikx,,
b0n8x8,,
aplchi,,
ov70a0,,
j7mqis,,
lzp0tt,,
wdq8pq,,
hg1bqt,,
iquz3k,,
waa5bk,,
fj3mqv,,
wtwx1s,,
npigty,,
vvyf69,,
yb4pfg,,
utribh,,
cw74im,,
qy6tx2,,
fmiv5q,,
kchj9q,,
ol6bsi,,
qg0f1a,,
0lcdx5,,
o8xvab,,
qb6cjs,,
v9fnft,,
0n53jf,,
06zjn6,,
wwau5z,,
ggd5b9,,
6sovr1,,
o1345q,,
5uohss,,
mt1760,,
08frq3,,
zi0bd3,,
8ekyw1,,
oyr468,,
4iupjn,,
jmgp9d,,
48lu0c,,
q7izrp,,
c61e9f,,
1zte6j,,
596dfw,,
bdf0vg,,
lklwlp,,
wdarkr,,
0ytkds,,
rzjgyy,,
0j943c,,
6w9wl7,,
k7bdxq,,
3pomxg,,
e2a2k9,,
ij64jd,,
w6h2g0,,
26we8e,,
m11ml4,,
3qenil,,
7v0zu4,,
me0idp,,
fmuycf,,
0awfz8,,
qswiim,,
dmkugg,,
legvj6,,
8sv8ex,,
zar2dz,,
n0tigm,,
pq4331,,
xbn4kv,,
sp0zel,,
3iypzq,,
pet7zm,,
lfypnn,,
p624t2,,
lhlvz0,,
661du7,,
ml2a57,,
msy2ss,,
ysz8wk,,
gm0f1z,,
mcvwki,,
gi6bjf,,
t5mnio,,
ai9tfy,,
zcshoi,,
12h6gu,,
swgzia,,
xleanz,,
nyedqa,,
8vajyf,,
jd808i,,
6fpfd3,,
pdh2bg,,
64pp0h,,
kgegj7,,
rired6,,
gkbth8,,
dkcsud,,
mkxia1,,
atxaiq,,
fjfvu0,,
s6chsu,,
h9rib9,,
mg0gmg,,
23id6p,,
65ek4l,,
d7zuk0,,
8c7uvj,,
t52hy0,,
vpmim8,,
d6t7dl,,
dxb1tv,,
d42ds9,,
ulm5cw,,
ms4hnx,,
oemxa4,,
geyu6d,,
xf8pf8,,